-- phpMyAdmin SQL Dump
-- version 5.0.2
-- https://www.phpmyadmin.net/
--
-- Host: 127.0.0.1:3306
-- Generation Time: Apr 07, 2022 at 10:41 PM
-- Server version: 5.7.31
-- PHP Version: 7.3.21

SET SQL_MODE = "NO_AUTO_VALUE_ON_ZERO";
START TRANSACTION;
SET time_zone = "+00:00";


/*!40101 SET @OLD_CHARACTER_SET_CLIENT=@@CHARACTER_SET_CLIENT */;
/*!40101 SET @OLD_CHARACTER_SET_RESULTS=@@CHARACTER_SET_RESULTS */;
/*!40101 SET @OLD_COLLATION_CONNECTION=@@COLLATION_CONNECTION */;
/*!40101 SET NAMES utf8mb4 */;

--
-- Database: `fallouttec`
--

-- --------------------------------------------------------

--
-- Table structure for table `admin`
--

DROP TABLE IF EXISTS `admin`;
CREATE TABLE IF NOT EXISTS `admin` (
  `id` int(11) NOT NULL AUTO_INCREMENT,
  `SENDemail` varchar(255) NOT NULL,
  `SENDPassword` varchar(255) NOT NULL,
  `Verify` varchar(255) NOT NULL,
  PRIMARY KEY (`id`)
) ENGINE=MyISAM AUTO_INCREMENT=2 DEFAULT CHARSET=latin1;

--
-- Dumping data for table `admin`
--

INSERT INTO `admin` (`id`, `SENDemail`, `SENDPassword`, `Verify`) VALUES
(1, 'fallouttec12@gmail.com', 'owistudent', 'S.P.E.C.I.A.L');

-- --------------------------------------------------------

--
-- Table structure for table `crafting`
--

DROP TABLE IF EXISTS `crafting`;
CREATE TABLE IF NOT EXISTS `crafting` (
  `Crafting_id` int(255) NOT NULL AUTO_INCREMENT,
  `CraftName` varchar(50) NOT NULL,
  `CraftImage` varchar(50) NOT NULL,
  `CraftQuantity` int(15) NOT NULL,
  `CraftType` varchar(50) NOT NULL,
  `CraftingStation` varchar(50) NOT NULL,
  `LocationId` varchar(4) NOT NULL,
  `Ingredient1` varchar(100) DEFAULT NULL,
  `Ingredient1Count` int(4) DEFAULT NULL,
  `Ingredient1Image` varchar(100) DEFAULT NULL,
  `Ingredient2` varchar(100) DEFAULT NULL,
  `Ingredient2Count` int(4) DEFAULT NULL,
  `Ingredient2Image` varchar(100) DEFAULT NULL,
  `Ingredient3` varchar(100) DEFAULT NULL,
  `Ingredient3Count` int(4) DEFAULT NULL,
  `Ingredient3Image` varchar(100) DEFAULT NULL,
  `Ingredient4` varchar(100) DEFAULT NULL,
  `Ingredient4Count` int(4) DEFAULT NULL,
  `Ingredient4Image` varchar(100) DEFAULT NULL,
  `Ingredient5` varchar(100) DEFAULT NULL,
  `Ingredient5Count` int(4) DEFAULT NULL,
  `Ingredient5Image` varchar(100) DEFAULT NULL,
  `Ingredient6` varchar(100) DEFAULT NULL,
  `Ingredient6Count` int(4) DEFAULT NULL,
  `Ingredient6Image` varchar(100) DEFAULT NULL,
  `Ingredient7` varchar(100) DEFAULT NULL,
  `Ingredient7Count` int(4) DEFAULT NULL,
  `Ingredient7Image` varchar(100) DEFAULT NULL,
  PRIMARY KEY (`Crafting_id`)
) ENGINE=InnoDB AUTO_INCREMENT=194 DEFAULT CHARSET=latin1;

--
-- Dumping data for table `crafting`
--

INSERT INTO `crafting` (`Crafting_id`, `CraftName`, `CraftImage`, `CraftQuantity`, `CraftType`, `CraftingStation`, `LocationId`, `Ingredient1`, `Ingredient1Count`, `Ingredient1Image`, `Ingredient2`, `Ingredient2Count`, `Ingredient2Image`, `Ingredient3`, `Ingredient3Count`, `Ingredient3Image`, `Ingredient4`, `Ingredient4Count`, `Ingredient4Image`, `Ingredient5`, `Ingredient5Count`, `Ingredient5Image`, `Ingredient6`, `Ingredient6Count`, `Ingredient6Image`, `Ingredient7`, `Ingredient7Count`, `Ingredient7Image`) VALUES
(1, 'Bloodeagle underarmour', 'Bloodeagle.webp', 38, 'Underarmour', 'ArmourWorkbench', '1', 'Leather', 1, 'Leather.webp', 'Cloth', 2, 'Cloth.webp', '', 0, '', '', 0, '', '', 0, '', '', 0, '', '', 0, ''),
(3, 'Bloodeagle underarmour', 'Bloodeagle.webp', 18, 'Underarmour', 'ArmourWorkbench', '2', 'Leather', 1, 'Leather.webp', 'Cloth', 1, 'Cloth.webp', '', 0, '', '', 0, '', '', 0, '', '', 0, '', '', 0, ''),
(4, 'Bloodeagle underarmour', 'Bloodeagle.webp', 1, 'Underarmour', 'ArmourWorkbench', '3', 'Leather', 1, 'Leather.webp', 'Cloth', 1, 'Cloth.webp', '', 0, '', '', 0, '', '', 0, '', '', 0, '', '', 0, ''),
(5, 'Brotherhood of Steel underarmour', 'BOS.webp', 2, 'Underarmour', 'ArmourWorkbench', '1', 'Leather', 1, 'Leather.webp', 'Cloth', 1, 'Cloth.webp', '', 0, '', '', 0, '', '', 0, '', '', 0, '', '', 0, ''),
(6, 'Brotherhood of Steel underarmour', 'BOS.webp', 3, 'Underarmour', 'ArmourWorkbench', '2', 'Leather', 1, 'Leather.webp', 'Cloth', 1, 'Cloth.webp', '', 0, '', '', 0, '', '', 0, '', '', 0, '', '', 0, ''),
(7, 'Brotherhood of Steel underarmour', 'BOS.webp', 1, 'Underarmour', 'ArmourWorkbench', '3', 'Leather', 1, 'Leather.webp', 'Cloth', 1, 'Cloth.webp', '', 0, '', '', 0, '', '', 0, '', '', 0, '', '', 0, ''),
(8, 'Overseer underarmour', 'Overseer.webp', 1, 'Underarmour', 'ArmourWorkbench', '1', 'Leather', 1, 'Leather.webp', 'Cloth', 1, 'Cloth.webp', 'Steel', 1, 'Steel.webp', '', 0, '', '', 0, '', '', 0, '', '', 0, ''),
(9, 'Overseer underarmour', 'Overseer.webp', 0, 'Underarmour', 'ArmourWorkbench', '2', 'Leather', 1, 'Leather.webp', 'Cloth', 1, 'Cloth.webp', 'Steel', 1, 'Steel.webp', '', 0, '', '', 0, '', '', 0, '', '', 0, ''),
(10, 'Overseer underarmour', 'Overseer.webp', 0, 'Underarmour', 'ArmourWorkbench', '3', 'Leather', 1, 'Leather.webp', 'Cloth', 1, 'Cloth.webp', 'Steel', 1, 'Steel.webp', '', 0, '', '', 0, '', '', 0, '', '', 0, ''),
(11, 'Secret Service Underarmour', 'SecretService.webp', 0, 'Underarmour', 'ArmourWorkbench', '1', 'Leather', 1, 'Leather.webp', 'Cloth', 1, 'Cloth.webp', '', 0, '', '', 0, '', '', 0, '', '', 0, '', '', 0, ''),
(12, 'Secret Service Underarmour', 'SecretService.webp', 0, 'Underarmour', 'ArmourWorkbench', '2', 'Leather', 1, 'Leather.webp', 'Cloth', 1, 'Cloth.webp', '', 0, '', '', 0, '', '', 0, '', '', 0, '', '', 0, ''),
(13, 'Secret Service Underarmour', 'SecretService.webp', 0, 'Underarmour', 'ArmourWorkbench', '3', 'Leather', 1, 'Leather.webp', 'Cloth', 1, 'Cloth.webp', '', 0, '', '', 0, '', '', 0, '', '', 0, '', '', 0, ''),
(14, 'Heavy Leather Armour', 'HeavyLeather.webp', 0, 'Armour', 'ArmourWorkbench', '1', 'Leather', 7, 'Leather.webp', 'Cloth', 6, 'Cloth.webp', 'Adhesive', 5, 'Adhesive.webp', '', 0, '', '', 0, '', '', 0, '', '', 0, ''),
(15, 'Heavy Leather Armour', 'HeavyLeather.webp', 0, 'Armour', 'ArmourWorkbench', '2', 'Leather', 7, 'Leather.webp', 'Cloth', 6, 'Cloth.webp', 'Adhesive', 5, 'Adhesive.webp', '', 0, '', '', 0, '', '', 0, '', '', 0, ''),
(16, 'Heavy Leather Armour', 'HeavyLeather.webp', 0, 'Armour', 'ArmourWorkbench', '3', 'Leather', 7, 'Leather.webp', 'Cloth', 6, 'Cloth.webp', 'Adhesive', 5, 'Adhesive.webp', '', 0, '', '', 0, '', '', 0, '', '', 0, ''),
(17, 'Brotherhood Of Steel Armour', 'BosArmour.webp', 0, 'Armour', 'ArmourWorkbench', '1', 'Steel', 4, 'Steel.webp', 'Cloth', 6, 'Cloth.webp', 'Adhesive', 5, 'Adhesive.webp', 'Leather', 2, 'Leather.webp', '', 0, '', '', 0, '', '', 0, ''),
(18, 'Brotherhood Of Steel Armour', 'BosArmour.webp', 0, 'Armour', 'ArmourWorkbench', '2', 'Steel', 4, 'Steel.webp', 'Cloth', 6, 'Cloth.webp', 'Adhesive', 5, 'Adhesive.webp', 'Leather', 2, 'Leather.webp', '', 0, '', '', 0, '', '', 0, ''),
(19, 'Brotherhood Of Steel Armour', 'BosArmour.webp', 0, 'Armour', 'ArmourWorkbench', '3', 'Steel', 4, 'Steel.webp', 'Cloth', 6, 'Cloth.webp', 'Adhesive', 5, 'Adhesive.webp', 'Leather', 2, 'Leather.webp', '', 0, '', '', 0, '', '', 0, ''),
(20, 'Heavy Combat Armour ', 'HeavyCombat.webp', 0, 'Armour', 'ArmourWorkbench', '1', 'Steel', 19, 'Steel.webp', 'Cloth', 6, 'Cloth.webp', 'Adhesive', 5, 'Adhesive.webp', 'Leather', 9, 'Leather.webp', '', 0, '', '', 0, '', '', 0, ''),
(21, 'Heavy Combat Armour ', 'HeavyCombat.webp', 0, 'Armour', 'ArmourWorkbench', '2', 'Steel', 19, 'Steel.webp', 'Cloth', 6, 'Cloth.webp', 'Adhesive', 5, 'Adhesive.webp', 'Leather', 9, 'Leather.webp', '', 0, '', '', 0, '', '', 0, ''),
(22, 'Heavy Combat Armour ', 'HeavyCombat.webp', 0, 'Armour', 'ArmourWorkbench', '3', 'Steel', 19, 'Steel.webp', 'Cloth', 6, 'Cloth.webp', 'Adhesive', 5, 'Adhesive.webp', 'Leather', 9, 'Leather.webp', '', 0, '', '', 0, '', '', 0, ''),
(23, 'Secret Service Armour', 'SecretServiceArmour.webp', 0, 'Armour', 'ArmourWorkbench', '1', 'Steel', 5, 'Steel.webp', 'Cloth', 5, 'Cloth.webp', 'Adhesive', 5, 'Adhesive.webp', '', 0, '', '', 0, '', '', 0, '', '', 0, ''),
(24, 'Secret Service Armour', 'SecretServiceArmour.webp', 0, 'Armour', 'ArmourWorkbench', '2', 'Steel', 5, 'Steel.webp', 'Cloth', 5, 'Cloth.webp', 'Adhesive', 5, 'Adhesive.webp', '', 0, '', '', 0, '', '', 0, '', '', 0, ''),
(25, 'Secret Service Armour', 'SecretServiceArmour.webp', 0, 'Armour', 'ArmourWorkbench', '3', 'Steel', 5, 'Steel.webp', 'Cloth', 5, 'Cloth.webp', 'Adhesive', 5, 'Adhesive.webp', '', 0, '', '', 0, '', '', 0, '', '', 0, ''),
(26, 'Marine Armour', 'MarineArmour.webp', 0, 'Armour', 'ArmourWorkbench', '1', 'Steel', 5, 'Steel.webp', 'Cloth', 5, 'Cloth.webp', 'Adhesive', 5, 'Adhesive.webp', '', 0, '', '', 0, '', '', 0, '', '', 0, ''),
(27, 'Marine Armour', 'MarineArmour.webp', 0, 'Armour', 'ArmourWorkbench', '2', 'Steel', 5, 'Steel.webp', 'Cloth', 5, 'Cloth.webp', 'Adhesive', 5, 'Adhesive.webp', '', 0, '', '', 0, '', '', 0, '', '', 0, ''),
(28, 'Marine Armour', 'MarineArmour.webp', 0, 'Armour', 'ArmourWorkbench', '3', 'Steel', 5, 'Steel.webp', 'Cloth', 5, 'Cloth.webp', 'Adhesive', 5, 'Adhesive.webp', '', 0, '', '', 0, '', '', 0, '', '', 0, ''),
(29, 'Raider Armour', 'Raider.webp', 0, 'Armour', 'ArmourWorkbench', '1', 'Steel', 6, 'Steel.webp', 'Cloth', 5, 'Cloth.webp', '', 0, '', '', 0, '', '', 0, '', '', 0, '', '', 0, ''),
(30, 'Raider Armour', 'Raider.webp', 0, 'Armour', 'ArmourWorkbench', '2', 'Steel', 6, 'Steel.webp', 'Cloth', 5, 'Cloth.webp', '', 0, '', '', 0, '', '', 0, '', '', 0, '', '', 0, ''),
(31, 'Raider Armour', 'Raider.webp', 0, 'Armour', 'ArmourWorkbench', '3', 'Steel', 6, 'Steel.webp', 'Cloth', 5, 'Cloth.webp', '', 0, '', '', 0, '', '', 0, '', '', 0, '', '', 0, ''),
(32, 'Trapper Armour', 'Trapper.webp', 0, 'Armour', 'ArmourWorkbench', '1', 'Steel', 9, 'Steel.webp', 'Cloth', 5, 'Cloth.webp', 'Adhesive', 5, 'Adhesive.webp', '', 0, '', '', 0, '', '', 0, '', '', 0, ''),
(33, 'Trapper Armour', 'Trapper.webp', 0, 'Armour', 'ArmourWorkbench', '2', 'Steel', 9, 'Steel.webp', 'Cloth', 5, 'Cloth.webp', 'Adhesive', 5, 'Adhesive.webp', '', 0, '', '', 0, '', '', 0, '', '', 0, ''),
(34, 'Trapper Armour', 'Trapper.webp', 0, 'Armour', 'ArmourWorkbench', '3', 'Steel', 9, 'Steel.webp', 'Cloth', 5, 'Cloth.webp', 'Adhesive', 5, 'Adhesive.webp', '', 0, '', '', 0, '', '', 0, '', '', 0, ''),
(35, 'Ultracite Power Armour', 'Ultracite.webp', 0, 'Power Armour', 'ArmourWorkbench', '1', 'Adhesive', 78, 'Adhesive.webp', 'Antiseptic', 10, 'Antiseptic.webp', 'Oil', 22, 'Oil.webp', 'Steel', 32, 'Steel.webp', 'Ultracite', 42, 'Ultracitescrap.webp', 'Circuitry', 14, 'Circuitry.webp', 'Rubber', 16, 'Rubber.webp'),
(36, 'Ultracite Power Armour', 'Ultracite.webp', 0, 'Power Armour', 'ArmourWorkbench', '2', 'Adhesive', 78, 'Adhesive.webp', 'Antiseptic', 10, 'Antiseptic.webp', 'Oil', 22, 'Oil.webp', 'Steel', 32, 'Steel.webp', 'Ultracite', 42, 'Ultracitescrap.webp', 'Circuitry', 14, 'Circuitry.webp', 'Rubber', 16, 'Rubber.webp'),
(37, 'Ultracite Power Armour', 'Ultracite.webp', 0, 'Power Armour', 'ArmourWorkbench', '3', 'Adhesive', 78, 'Adhesive.webp', 'Antiseptic', 10, 'Antiseptic.webp', 'Oil', 22, 'Oil.webp', 'Steel', 32, 'Steel.webp', 'Ultracite', 42, 'Ultracitescrap.webp', 'Circuitry', 14, 'Circuitry.webp', 'Rubber', 16, 'Rubber.webp'),
(38, 'Raider Power Armour', 'RaiderPR.webp', 1, 'Power Armour', 'ArmourWorkbench', '1', 'Adhesive', 78, 'Adhesive.webp', 'Antiseptic', 10, 'Antiseptic.webp', 'Oil', 22, 'Oil.webp', 'Steel', 32, 'Steel.webp', 'Aluminum', 78, 'Aluminium.webp', 'Crystal', 6, 'Crystal.webp', 'Fiberglass', 34, 'Fiberglass.webp'),
(39, 'Raider Power Armour', 'RaiderPR.webp', 0, 'Power Armour', 'ArmourWorkbench', '2', 'Adhesive', 78, 'Adhesive.webp', 'Antiseptic', 10, 'Antiseptic.webp', 'Oil', 22, 'Oil.webp', 'Steel', 32, 'Steel.webp', 'Aluminum', 78, 'Aluminium.webp', 'Crystal', 6, 'Crystal.webp', 'Fiberglass', 34, 'Fiberglass.webp'),
(40, 'Raider Power Armour', 'RaiderPR.webp', 0, 'Power Armour', 'ArmourWorkbench', '3', 'Adhesive', 78, 'Adhesive.webp', 'Antiseptic', 10, 'Antiseptic.webp', 'Oil', 22, 'Oil.webp', 'Steel', 32, 'Steel.webp', 'Aluminum', 78, 'Aluminium.webp', 'Crystal', 6, 'Crystal.webp', 'Fiberglass', 34, 'Fiberglass.webp'),
(41, 'Excavator', 'Excavator.webp', 0, 'Power Armour', 'ArmourWorkbench', '1', 'Adhesive', 78, 'Adhesive.webp', 'Antiseptic', 10, 'Antiseptic.webp', 'Oil', 22, 'Oil.webp', 'Steel', 32, 'Steel.webp', 'Aluminum', 78, 'Aluminium.webp', 'Fiber Optics', 6, 'Fiberoptics.webp', 'Stable Violet Flux', 5, 'Stableflux.webp'),
(42, 'Excavator', 'Excavator.webp', 0, 'Power Armour', 'ArmourWorkbench', '2', 'Adhesive', 78, 'Adhesive.webp', 'Antiseptic', 10, 'Antiseptic.webp', 'Oil', 22, 'Oil.webp', 'Steel', 32, 'Steel.webp', 'Aluminum', 78, 'Aluminium.webp', 'Fiber Optics', 6, 'Fiberoptics.webp', 'Stable Violet Flux', 5, 'Stableflux.webp'),
(43, 'Excavator', 'Excavator.webp', 0, 'Power Armour', 'ArmourWorkbench', '3', 'Adhesive', 78, 'Adhesive.webp', 'Antiseptic', 10, 'Antiseptic.webp', 'Oil', 22, 'Oil.webp', 'Steel', 32, 'Steel.webp', 'Aluminum', 78, 'Aluminium.webp', 'Fiber Optics', 6, 'Fiberoptics.webp', 'Stable Violet Flux', 5, 'Stableflux.webp'),
(44, 'Pipe Gun', 'PipeGun.webp', 0, 'Pistols', 'WeaponsWorkbench', '1', 'Adhesive', 8, 'Adhesive.webp', 'Gears', 10, 'Gears.webp', 'Oil', 8, 'Oil.webp', 'Screws', 10, 'Screws.webp', 'Springs', 14, 'Spring.webp', 'Steel', 22, 'Steel.webp', '', 0, ''),
(45, 'Pipe Gun', 'PipeGun.webp', 0, 'Pistols', 'WeaponsWorkbench', '2', 'Adhesive', 8, 'Adhesive.webp', 'Gears', 10, 'Gears.webp', 'Oil', 8, 'Oil.webp', 'Screws', 10, 'Screws.webp', 'Springs', 14, 'Spring.webp', 'Steel', 22, 'Steel.webp', '', 0, ''),
(46, 'Pipe Gun', 'PipeGun.webp', 0, 'Pistols', 'WeaponsWorkbench', '3', 'Adhesive', 8, 'Adhesive.webp', 'Gears', 10, 'Gears.webp', 'Oil', 8, 'Oil.webp', 'Screws', 10, 'Screws.webp', 'Springs', 14, 'Spring.webp', 'Steel', 22, 'Steel.webp', '', 0, ''),
(47, 'Laser Gun ', 'LaserGun.webp', 0, 'Pistols', 'WeaponsWorkbench', '1', 'Aluminum', 12, 'Aluminium.webp', 'Circuitry', 8, 'Circuitry.webp', 'Crystal', 7, 'Crystal.webp', 'Fiber Optics', 5, 'Fiberoptics.webp', 'Nuclear Material', 6, 'Nuclearmaterial.webp', 'Plastic', 21, 'Plastic.webp', 'Screws', 12, 'Screws.webp'),
(48, 'Laser Gun ', 'LaserGun.webp', 0, 'Pistols', 'WeaponsWorkbench', '2', 'Aluminum', 12, 'Aluminium.webp', 'Circuitry', 8, 'Circuitry.webp', 'Crystal', 7, 'Crystal.webp', 'Fiber Optics', 5, 'Fiberoptics.webp', 'Nuclear Material', 6, 'Nuclearmaterial.webp', 'Plastic', 21, 'Plastic.webp', 'Screws', 12, 'Screws.webp'),
(49, 'Laser Gun ', 'LaserGun.webp', 0, 'Pistols', 'WeaponsWorkbench', '3', 'Aluminum', 12, 'Aluminium.webp', 'Circuitry', 8, 'Circuitry.webp', 'Crystal', 7, 'Crystal.webp', 'Fiber Optics', 5, 'Fiberoptics.webp', 'Nuclear Material', 6, 'Nuclearmaterial.webp', 'Plastic', 21, 'Plastic.webp', 'Screws', 12, 'Screws.webp'),
(50, '10mm Sub Machine Gun ', '10mmsub.webp', 0, 'Pistols', 'WeaponsWorkbench', '1', 'Aluminum', 9, 'Aluminium.webp', 'Adhesive', 8, 'Adhesive.webp', 'Gears', 11, 'Gears.webp', 'Oil', 8, 'Oil.webp', 'Screws', 12, 'Screws.webp', 'Springs', 14, 'Spring.webp', 'Steel', 32, 'Steel.webp'),
(51, '10mm Sub Machine Gun ', '10mmsub.webp', 0, 'Pistols', 'WeaponsWorkbench', '2', 'Aluminum', 9, 'Aluminium.webp', 'Adhesive', 8, 'Adhesive.webp', 'Gears', 11, 'Gears.webp', 'Oil', 8, 'Oil.webp', 'Screws', 12, 'Screws.webp', 'Springs', 14, 'Spring.webp', 'Steel', 32, 'Steel.webp'),
(52, '10mm Sub Machine Gun ', '10mmsub.webp', 0, 'Pistols', 'WeaponsWorkbench', '3', 'Aluminum', 9, 'Aluminium.webp', 'Adhesive', 8, 'Adhesive.webp', 'Gears', 11, 'Gears.webp', 'Oil', 8, 'Oil.webp', 'Screws', 12, 'Screws.webp', 'Springs', 14, 'Spring.webp', 'Steel', 32, 'Steel.webp'),
(53, 'Compound Bow ', 'CompoundBow.webp', 0, 'Ranged', 'WeaponsWorkbench', '1', 'Adhesive', 1, 'Adhesive.webp', 'Aluminum', 1, 'Aluminium.webp', 'Plastic', 4, 'Plastic.webp', 'Wood', 3, 'Wood.webp', '', 0, '', '', 0, '', '', 0, ''),
(54, 'Compound Bow ', 'CompoundBow.webp', 0, 'Ranged', 'WeaponsWorkbench', '2', 'Adhesive', 1, 'Adhesive.webp', 'Aluminum', 1, 'Aluminium.webp', 'Plastic', 4, 'Plastic.webp', 'Wood', 3, 'Wood.webp', '', 0, '', '', 0, '', '', 0, ''),
(55, 'Compound Bow ', 'CompoundBow.webp', 0, 'Ranged', 'WeaponsWorkbench', '3', 'Adhesive', 1, 'Adhesive.webp', 'Aluminum', 1, 'Aluminium.webp', 'Plastic', 4, 'Plastic.webp', 'Wood', 3, 'Wood.webp', '', 0, '', '', 0, '', '', 0, ''),
(56, 'Double Barrel Shotgun', 'DoubleBarrelShotgun.webp', 0, 'Ranged', 'WeaponsWorkbench', '1', 'Adhesive', 8, 'Adhesive.webp', 'Gears', 9, 'Gears.webp', 'Oil', 8, 'Oil.webp', 'Screws', 13, 'Screws.webp', 'Wood', 14, 'Wood.webp', 'Steel', 23, 'Steel.webp', '', 0, ''),
(57, 'Double Barrel Shotgun', 'DoubleBarrelShotgun.webp', 0, 'Ranged', 'WeaponsWorkbench', '2', 'Adhesive', 8, 'Adhesive.webp', 'Gears', 9, 'Gears.webp', 'Oil', 8, 'Oil.webp', 'Screws', 13, 'Screws.webp', 'Wood', 14, 'Wood.webp', 'Steel', 23, 'Steel.webp', '', 0, ''),
(58, 'Double Barrel Shotgun', 'DoubleBarrelShotgun.webp', 0, 'Ranged', 'WeaponsWorkbench', '3', 'Adhesive', 8, 'Adhesive.webp', 'Gears', 9, 'Gears.webp', 'Oil', 8, 'Oil.webp', 'Screws', 13, 'Screws.webp', 'Wood', 14, 'Wood.webp', 'Steel', 23, 'Steel.webp', '', 0, ''),
(59, 'The Dragon', 'TheDragon.webp', 0, 'Ranged', 'WeaponsWorkbench', '1', 'Adhesive', 9, 'Adhesive.webp', 'Gears', 10, 'Gears.webp', 'Oil', 8, 'Oil.webp', 'Screws', 15, 'Screws.webp', 'Springs', 15, 'Spring.webp', 'Steel', 18, 'Steel.webp', 'Wood', 14, 'Wood.webp'),
(60, 'The Dragon', 'TheDragon.webp', 0, 'Ranged', 'WeaponsWorkbench', '2', 'Adhesive', 9, 'Adhesive.webp', 'Gears', 10, 'Gears.webp', 'Oil', 8, 'Oil.webp', 'Screws', 15, 'Screws.webp', 'Springs', 15, 'Spring.webp', 'Steel', 18, 'Steel.webp', 'Wood', 14, 'Wood.webp'),
(61, 'The Dragon', 'TheDragon.webp', 0, 'Ranged', 'WeaponsWorkbench', '3', 'Adhesive', 9, 'Adhesive.webp', 'Gears', 10, 'Gears.webp', 'Oil', 8, 'Oil.webp', 'Screws', 15, 'Screws.webp', 'Springs', 15, 'Spring.webp', 'Steel', 18, 'Steel.webp', 'Wood', 14, 'Wood.webp'),
(62, 'The Fixer', 'TheFIxer.webp', 0, 'Ranged', 'WeaponsWorkbench', '1', 'Adhesive', 9, 'Adhesive.webp', 'Gears', 10, 'Gears.webp', 'Oil', 8, 'Oil.webp', 'Screws', 15, 'Screws.webp', 'Springs', 15, 'Spring.webp', 'Steel', 18, 'Steel.webp', 'Wood', 14, 'Wood.webp'),
(63, 'The Fixer', 'TheFIxer.webp', 0, 'Ranged', 'WeaponsWorkbench', '2', 'Adhesive', 9, 'Adhesive.webp', 'Gears', 10, 'Gears.webp', 'Oil', 8, 'Oil.webp', 'Screws', 15, 'Screws.webp', 'Springs', 15, 'Spring.webp', 'Steel', 18, 'Steel.webp', 'Wood', 14, 'Wood.webp'),
(64, 'The Fixer', 'TheFIxer.webp', 0, 'Ranged', 'WeaponsWorkbench', '3', 'Adhesive', 9, 'Adhesive.webp', 'Gears', 10, 'Gears.webp', 'Oil', 8, 'Oil.webp', 'Screws', 15, 'Screws.webp', 'Springs', 15, 'Spring.webp', 'Steel', 18, 'Steel.webp', 'Wood', 14, 'Wood.webp'),
(65, 'Tesla Rifle', 'TeslaRifle.webp', 0, 'Ranged', 'WeaponsWorkbench', '1', 'Adhesive', 16, 'Adhesive.webp', 'Circuitry', 11, 'Circuitry.webp', 'Crystal', 8, 'Crystal.webp', 'Steel', 25, 'Steel.webp', 'Nuclear Material', 7, 'Nuclearmaterial.webp', 'Plastic', 15, 'Plastic.webp', 'Screws', 19, 'Screws.webp'),
(66, 'Tesla Rifle', 'TeslaRifle.webp', 0, 'Ranged', 'WeaponsWorkbench', '2', 'Adhesive', 16, 'Adhesive.webp', 'Circuitry', 11, 'Circuitry.webp', 'Crystal', 8, 'Crystal.webp', 'Steel', 25, 'Steel.webp', 'Nuclear Material', 7, 'Nuclearmaterial.webp', 'Plastic', 15, 'Plastic.webp', 'Screws', 19, 'Screws.webp'),
(67, 'Tesla Rifle', 'TeslaRifle.webp', 0, 'Ranged', 'WeaponsWorkbench', '3', 'Adhesive', 16, 'Adhesive.webp', 'Circuitry', 11, 'Circuitry.webp', 'Crystal', 8, 'Crystal.webp', 'Steel', 25, 'Steel.webp', 'Nuclear Material', 7, 'Nuclearmaterial.webp', 'Plastic', 15, 'Plastic.webp', 'Screws', 19, 'Screws.webp'),
(68, 'Pepper Shaker', 'PepperShaker.webp', 0, 'Ranged', 'WeaponsWorkbench', '1', 'Aluminum', 7, 'Aluminium.webp', 'Adhesive', 6, 'Adhesive.webp', 'Gears', 17, 'Gears.webp', 'Oil', 8, 'Oil.webp', 'Screws', 16, 'Screws.webp', 'Springs', 16, 'Spring.webp', 'Steel', 43, 'Steel.webp'),
(69, 'Pepper Shaker', 'PepperShaker.webp', 0, 'Ranged', 'WeaponsWorkbench', '2', 'Aluminum', 7, 'Aluminium.webp', 'Adhesive', 6, 'Adhesive.webp', 'Gears', 17, 'Gears.webp', 'Oil', 8, 'Oil.webp', 'Screws', 16, 'Screws.webp', 'Springs', 16, 'Spring.webp', 'Steel', 43, 'Steel.webp'),
(70, 'Pepper Shaker', 'PepperShaker.webp', 0, 'Ranged', 'WeaponsWorkbench', '3', 'Aluminum', 7, 'Aluminium.webp', 'Adhesive', 6, 'Adhesive.webp', 'Gears', 17, 'Gears.webp', 'Oil', 8, 'Oil.webp', 'Screws', 16, 'Screws.webp', 'Springs', 16, 'Spring.webp', 'Steel', 43, 'Steel.webp'),
(71, 'Plasma Gatling', 'PlasmaGatling.webp', 0, 'Heavy', 'WeaponsWorkbench', '1', 'Aluminum', 13, 'Aluminium.webp', 'Circuitry', 13, 'Circuitry.webp', 'Rubber', 21, 'Rubber.webp', 'Steel', 28, 'Steel.webp', 'Nuclear Material', 10, 'Nuclearmaterial.webp', 'Copper', 16, 'Copper.webp', 'Gears', 13, 'Gears.webp'),
(72, 'Plasma Gatling', 'PlasmaGatling.webp', 0, 'Heavy', 'WeaponsWorkbench', '2', 'Aluminum', 13, 'Aluminium.webp', 'Circuitry', 13, 'Circuitry.webp', 'Rubber', 21, 'Rubber.webp', 'Steel', 28, 'Steel.webp', 'Nuclear Material', 10, 'Nuclearmaterial.webp', 'Copper', 16, 'Copper.webp', 'Gears', 13, 'Gears.webp'),
(73, 'Plasma Gatling', 'PlasmaGatling.webp', 0, 'Heavy', 'WeaponsWorkbench', '3', 'Aluminum', 13, 'Aluminium.webp', 'Circuitry', 13, 'Circuitry.webp', 'Rubber', 21, 'Rubber.webp', 'Steel', 28, 'Steel.webp', 'Nuclear Material', 10, 'Nuclearmaterial.webp', 'Copper', 16, 'Copper.webp', 'Gears', 13, 'Gears.webp'),
(74, 'Gatling Laser', 'GatlingLaser.webp', 0, 'Heavy', 'WeaponsWorkbench', '1', 'Aluminum', 15, 'Aluminium.webp', 'Circuitry', 12, 'Circuitry.webp', 'Crystal', 9, 'Crystal.webp', 'Steel', 32, 'Steel.webp', 'Fibre Optics', 12, 'Fiberoptics.webp', 'Plastic', 21, 'Plastic.webp', '', 0, ''),
(75, 'Gatling Laser', 'GatlingLaser.webp', 0, 'Heavy', 'WeaponsWorkbench', '2', 'Aluminum', 15, 'Aluminium.webp', 'Circuitry', 12, 'Circuitry.webp', 'Crystal', 9, 'Crystal.webp', 'Steel', 32, 'Steel.webp', 'Fibre Optics', 12, 'Fiberoptics.webp', 'Plastic', 21, 'Plastic.webp', '', 0, ''),
(76, 'Gatling Laser', 'GatlingLaser.webp', 0, 'Heavy', 'WeaponsWorkbench', '3', 'Aluminum', 15, 'Aluminium.webp', 'Circuitry', 12, 'Circuitry.webp', 'Crystal', 9, 'Crystal.webp', 'Steel', 32, 'Steel.webp', 'Fibre Optics', 12, 'Fiberoptics.webp', 'Plastic', 21, 'Plastic.webp', '', 0, ''),
(77, 'Flamer', 'Flamer.webp', 0, 'Heavy', 'WeaponsWorkbench', '1', 'Adhesive', 13, 'Adhesive.webp', 'Asbestos', 10, 'Asbestos.webp', 'Copper', 12, 'Copper.webp', 'Screws', 14, 'Screws.webp', 'Springs', 14, 'Spring.webp', 'Rubber', 16, 'Rubber.webp', 'Steel', 36, 'Steel.webp'),
(78, 'Flamer', 'Flamer.webp', 0, 'Heavy', 'WeaponsWorkbench', '2', 'Adhesive', 13, 'Adhesive.webp', 'Asbestos', 10, 'Asbestos.webp', 'Copper', 12, 'Copper.webp', 'Screws', 14, 'Screws.webp', 'Springs', 14, 'Spring.webp', 'Rubber', 16, 'Rubber.webp', 'Steel', 36, 'Steel.webp'),
(79, 'Flamer', 'Flamer.webp', 0, 'Heavy', 'WeaponsWorkbench', '3', 'Adhesive', 13, 'Adhesive.webp', 'Asbestos', 10, 'Asbestos.webp', 'Copper', 12, 'Copper.webp', 'Screws', 14, 'Screws.webp', 'Springs', 14, 'Spring.webp', 'Rubber', 16, 'Rubber.webp', 'Steel', 36, 'Steel.webp'),
(80, 'Ripper', 'Ripper.webp', 0, 'One Handed Melee', 'WeaponsWorkbench', '1', 'Aluminum ', 7, 'Aluminium.webp', 'Gears', 11, 'Gears.webp', 'Oil', 7, 'Oil.webp', 'Screws', 10, 'Screws.webp', 'Steel', 23, 'Steel.webp', '', 0, '', '', 0, ''),
(81, 'Ripper', 'Ripper.webp', 0, 'One Handed Melee', 'WeaponsWorkbench', '2', 'Aluminum ', 7, 'Aluminium.webp', 'Gears', 11, 'Gears.webp', 'Oil', 7, 'Oil.webp', 'Screws', 10, 'Screws.webp', 'Steel', 23, 'Steel.webp', '', 0, '', '', 0, ''),
(82, 'Ripper', 'Ripper.webp', 0, 'One Handed Melee', 'WeaponsWorkbench', '3', 'Aluminum ', 7, 'Aluminium.webp', 'Gears', 11, 'Gears.webp', 'Oil', 7, 'Oil.webp', 'Screws', 10, 'Screws.webp', 'Steel', 23, 'Steel.webp', '', 0, '', '', 0, ''),
(83, 'Shishkebab', 'Shishkebab.webp', 0, 'One Handed Malee', 'WeaponsWorkbench', '1', 'Aluminum', 11, 'Aluminium.webp', 'Leather', 10, 'Leather.webp', 'Gears', 10, 'Gears.webp', 'Steel', 18, 'Steel.webp', 'Screws', 11, 'Screws.webp', 'Copper', 8, 'Copper.webp', '', 0, ''),
(84, 'Shishkebab', 'Shishkebab.webp', 0, 'One Handed Melee', 'WeaponsWorkbench', '2', 'Aluminum', 11, 'Aluminium.webp', 'Leather', 10, 'Leather.webp', 'Gears', 10, 'Gears.webp', 'Steel', 18, 'Steel.webp', 'Screws', 11, 'Screws.webp', 'Copper', 8, 'Copper.webp', '', 0, ''),
(85, 'Shishkebab', 'Shishkebab.webp', 0, 'One Handed Melee', 'WeaponsWorkbench', '3', 'Aluminum', 11, 'Aluminium.webp', 'Leather', 10, 'Leather.webp', 'Gears', 10, 'Gears.webp', 'Steel', 18, 'Steel.webp', 'Screws', 11, 'Screws.webp', 'Copper', 8, 'Copper.webp', '', 0, ''),
(86, 'Deathclaw Gauntlet', 'DeathclawGauntlet.webp', 0, 'One Handed Melee', 'WeaponsWorkbench', '1', 'Adhesive', 1, 'Adhesive.webp', 'Plastic', 2, 'Plastic.webp', 'Rubber', 1, 'Rubber.webp', 'Steel', 3, 'Steel.webp', 'Screws', 3, 'Screws.webp', 'Springs', 1, 'Spring.webp', 'Deathclaw Hand', 1, 'Deathclawhand.png'),
(87, 'Deathclaw Gauntlet', 'DeathclawGauntlet.webp', 0, 'One Handed Melee', 'WeaponsWorkbench', '2', 'Adhesive', 1, 'Adhesive.webp', 'Plastic', 2, 'Plastic.webp', 'Rubber', 1, 'Rubber.webp', 'Steel', 3, 'Steel.webp', 'Screws', 3, 'Screws.webp', 'Springs', 1, 'Spring.webp', 'Deathclaw Hand', 1, 'Deathclawhand.png'),
(88, 'Deathclaw Gauntlet', 'DeathclawGauntlet.webp', 0, 'One Handed Melee', 'WeaponsWorkbench', '3', 'Adhesive', 1, 'Adhesive.webp', 'Plastic', 2, 'Plastic.webp', 'Rubber', 1, 'Rubber.webp', 'Steel', 3, 'Steel.webp', 'Screws', 3, 'Screws.webp', 'Springs', 1, 'Spring.webp', 'Deathclaw Hand', 1, 'Deathclawhand.png'),
(89, 'Super Sledge ', 'SuperSledge.webp', 0, 'Two Handed Melee', 'WeaponsWorkbench', '1', 'Aluminum', 10, 'Aluminium.webp', 'Gears', 11, 'Gears.webp', 'Screws', 10, 'Screws.webp', 'Steel', 22, 'Steel.webp', 'Plastic', 13, 'Plastic.webp', 'Springs', 15, 'Spring.webp', '', 0, ''),
(90, 'Super Sledge ', 'SuperSledge.webp', 0, 'Two Handed Melee', 'WeaponsWorkbench', '2', 'Aluminum', 10, 'Aluminium.webp', 'Gears', 11, 'Gears.webp', 'Screws', 10, 'Screws.webp', 'Steel', 22, 'Steel.webp', 'Plastic', 13, 'Plastic.webp', 'Springs', 15, 'Spring.webp', '', 0, ''),
(91, 'Super Sledge ', 'SuperSledge.webp', 0, 'Two Handed Melee', 'WeaponsWorkbench', '3', 'Aluminum', 10, 'Aluminium.webp', 'Gears', 11, 'Gears.webp', 'Screws', 10, 'Screws.webp', 'Steel', 22, 'Steel.webp', 'Plastic', 13, 'Plastic.webp', 'Springs', 15, 'Spring.webp', '', 0, ''),
(92, 'Grognaks Axe', 'GrognaksAxe.webp', 0, 'Two Handed Melee', 'WeaponsWorkbench', '1', 'Adhesive', 8, 'Adhesive.webp', 'Bone', 12, 'Bone.webp', 'Leather', 9, 'Leather.webp', 'Screws', 11, 'Screws.webp', 'Wood', 13, 'Wood.webp', 'Oil', 8, 'Oil.webp', 'Steel', 17, 'Steel.webp'),
(93, 'Grognaks Axe', 'GrognaksAxe.webp', 0, 'Two Handed Melee', 'WeaponsWorkbench', '2', 'Adhesive', 8, 'Adhesive.webp', 'Bone', 12, 'Bone.webp', 'Leather', 9, 'Leather.webp', 'Screws', 11, 'Screws.webp', 'Wood', 13, 'Wood.webp', 'Oil', 8, 'Oil.webp', 'Steel', 17, 'Steel.webp'),
(94, 'Grognaks Axe', 'GrognaksAxe.webp', 0, 'Two Handed Melee', 'WeaponsWorkbench', '3', 'Adhesive', 8, 'Adhesive.webp', 'Bone', 12, 'Bone.webp', 'Leather', 9, 'Leather.webp', 'Screws', 11, 'Screws.webp', 'Wood', 13, 'Wood.webp', 'Oil', 8, 'Oil.webp', 'Steel', 17, 'Steel.webp'),
(95, 'Wardrum', 'Wardrum.webp', 0, 'Two Handed Melee', 'WeaponsWorkbench', '1', 'Aluminum', 4, 'Aluminium.webp', 'Leather', 3, 'Leather.webp', 'Tin Can ', 5, 'TinCan.png', 'Steel', 14, 'Steel.webp', 'Screws', 5, 'Screws.webp', '', 0, '', '', 0, ''),
(96, 'Wardrum', 'Wardrum.webp', 0, 'Two Handed Melee', 'WeaponsWorkbench', '2', 'Aluminum', 4, 'Aluminium.webp', 'Leather', 3, 'Leather.webp', 'Tin Can ', 5, 'TinCan.png', 'Steel', 14, 'Steel.webp', 'Screws', 5, 'Screws.webp', '', 0, '', '', 0, ''),
(97, 'Wardrum', 'Wardrum.webp', 0, 'Two Handed Melee', 'WeaponsWorkbench', '3', 'Aluminum', 4, 'Aluminium.webp', 'Leather', 3, 'Leather.webp', 'Tin Can ', 5, 'TinCan.png', 'Steel', 14, 'Steel.webp', 'Screws', 5, 'Screws.webp', '', 0, '', '', 0, ''),
(98, '.38', '38.webp', 0, 'Ballistic Amo', 'TinkerWorkbench', '1', 'Gunpowder', 3, 'Gunpowder.webp', 'Lead', 6, 'Lead.webp', 'Steel', 12, 'Steel.webp', '', 0, '', '', 0, '', '', 0, '', '', 0, ''),
(99, '.38', '38.webp', 0, 'Ballistic Amo', 'TinkerWorkbench', '2', 'Gunpowder', 3, 'Gunpowder.webp', 'Lead', 6, 'Lead.webp', 'Steel', 12, 'Steel.webp', '', 0, '', '', 0, '', '', 0, '', '', 0, ''),
(100, '.38', '38.webp', 0, 'Ballistic Amo', 'TinkerWorkbench', '3', 'Gunpowder', 3, 'Gunpowder.webp', 'Lead', 6, 'Lead.webp', 'Steel', 12, 'Steel.webp', '', 0, '', '', 0, '', '', 0, '', '', 0, ''),
(101, '.45', '45.webp', 0, 'Ballistic Amo', 'TinkerWorkbench', '1', 'Gunpowder', 3, 'Gunpowder.webp', 'Lead', 4, 'Lead.webp', 'Steel', 10, 'Steel.webp', '', 0, '', '', 0, '', '', 0, '', '', 0, ''),
(102, '.45', '45.webp', 0, 'Ballistic Amo', 'TinkerWorkbench', '2', 'Gunpowder', 3, 'Gunpowder.webp', 'Lead', 4, 'Lead.webp', 'Steel', 10, 'Steel.webp', '', 0, '', '', 0, '', '', 0, '', '', 0, ''),
(103, '.45', '45.webp', 0, 'Ballistic Amo', 'TinkerWorkbench', '3', 'Gunpowder', 3, 'Gunpowder.webp', 'Lead', 4, 'Lead.webp', 'Steel', 10, 'Steel.webp', '', 0, '', '', 0, '', '', 0, '', '', 0, ''),
(104, '.50Caliber', '50Caliber.webp', 0, 'Ballistic Amo', 'TinkerWorkbench', '1', 'Gunpowder', 12, 'Gunpowder.webp', 'Lead', 10, 'Lead.webp', 'Steel', 40, 'Steel.webp', '', 0, '', '', 0, '', '', 0, '', '', 0, ''),
(105, '.50Caliber', '50Caliber.webp', 0, 'Ballistic Amo', 'TinkerWorkbench', '2', 'Gunpowder', 12, 'Gunpowder.webp', 'Lead', 10, 'Lead.webp', 'Steel', 40, 'Steel.webp', '', 0, '', '', 0, '', '', 0, '', '', 0, ''),
(106, '.50Caliber', '50Caliber.webp', 0, 'Ballistic Amo', 'TinkerWorkbench', '3', 'Gunpowder', 12, 'Gunpowder.webp', 'Lead', 10, 'Lead.webp', 'Steel', 40, 'Steel.webp', '', 0, '', '', 0, '', '', 0, '', '', 0, ''),
(107, '.308', '308.webp', 0, 'Ballistic Amo', 'TinkerWorkbench', '1', 'Gunpowder', 5, 'Gunpowder.webp', 'Lead', 8, 'Lead.webp', 'Steel', 12, 'Steel.webp', '', 0, '', '', 0, '', '', 0, '', '', 0, ''),
(108, '.308', '308.webp', 0, 'Ballistic Amo', 'TinkerWorkbench', '2', 'Gunpowder', 5, 'Gunpowder.webp', 'Lead', 8, 'Lead.webp', 'Steel', 12, 'Steel.webp', '', 0, '', '', 0, '', '', 0, '', '', 0, ''),
(109, '.308', '308.webp', 0, 'Ballistic Amo', 'TinkerWorkbench', '3', 'Gunpowder', 5, 'Gunpowder.webp', 'Lead', 8, 'Lead.webp', 'Steel', 12, 'Steel.webp', '', 0, '', '', 0, '', '', 0, '', '', 0, ''),
(110, '10mm', '10mm.webp', 0, 'Ballistic Amo', 'TinkerWorkbench', '1', 'Gunpowder', 3, 'Gunpowder.webp', 'Lead', 5, 'Lead.webp', 'Steel', 15, 'Steel.webp', '', 0, '', '', 0, '', '', 0, '', '', 0, ''),
(111, '10mm', '10mm.webp', 0, 'Ballistic Amo', 'TinkerWorkbench', '2', 'Gunpowder', 3, 'Gunpowder.webp', 'Lead', 5, 'Lead.webp', 'Steel', 15, 'Steel.webp', '', 0, '', '', 0, '', '', 0, '', '', 0, ''),
(112, '10mm', '10mm.webp', 0, 'Ballistic Amo', 'TinkerWorkbench', '3', 'Gunpowder', 3, 'Gunpowder.webp', 'Lead', 5, 'Lead.webp', 'Steel', 15, 'Steel.webp', '', 0, '', '', 0, '', '', 0, '', '', 0, ''),
(113, '5mm', '5mm.webp', 0, 'Ballistic Amo', 'TinkerWorkbench', '1', 'Gunpowder', 8, 'Gunpowder.webp', 'Lead', 15, 'Lead.webp', 'Steel', 30, 'Steel.webp', '', 0, '', '', 0, '', '', 0, '', '', 0, ''),
(114, '5mm', '5mm.webp', 0, 'Ballistic Amo', 'TinkerWorkbench', '2', 'Gunpowder', 8, 'Gunpowder.webp', 'Lead', 15, 'Lead.webp', 'Steel', 30, 'Steel.webp', '', 0, '', '', 0, '', '', 0, '', '', 0, ''),
(115, '5mm', '5mm.webp', 0, 'Ballistic Amo', 'TinkerWorkbench', '3', 'Gunpowder', 8, 'Gunpowder.webp', 'Lead', 15, 'Lead.webp', 'Steel', 30, 'Steel.webp', '', 0, '', '', 0, '', '', 0, '', '', 0, ''),
(116, 'Shotgun Shell', 'ShotgunShell.webp', 0, 'Ballistic Amo', 'TinkerWorkbench', '1', 'Gunpowder', 4, 'Gunpowder.webp', 'Lead', 4, 'Lead.webp', 'Steel', 6, 'Steel.webp', 'Plastic', 10, 'Plastic.webp', '', 0, '', '', 0, '', '', 0, ''),
(117, 'Shotgun Shell', 'ShotgunShell.webp', 0, 'Ballistic Amo', 'TinkerWorkbench', '2', 'Gunpowder', 4, 'Gunpowder.webp', 'Lead', 4, 'Lead.webp', 'Steel', 6, 'Steel.webp', 'Plastic', 10, 'Plastic.webp', '', 0, '', '', 0, '', '', 0, ''),
(118, 'Shotgun Shell', 'ShotgunShell.webp', 0, 'Ballistic Amo', 'TinkerWorkbench', '3', 'Gunpowder', 4, 'Gunpowder.webp', 'Lead', 4, 'Lead.webp', 'Steel', 6, 'Steel.webp', 'Plastic', 10, 'Plastic.webp', '', 0, '', '', 0, '', '', 0, ''),
(119, 'Fusion Core', 'FusionCore.webp', 0, 'Energy Ammo', 'TinkerWorkbench', '1', 'Stable Cobalt Flux', 1, 'Stableflux.webp', 'Stable Yellowcake Flux', 1, 'Stableflux.webp', 'Stable Crimson Flux', 1, 'Stableflux.webp', 'Stable Fluorescent Flux', 1, 'Stableflux.webp', 'Stable Violet Flux ', 1, 'Stableflux.webp', '', 0, '', '', 0, ''),
(120, 'Fusion Core', 'FusionCore.webp', 0, 'Energy Ammo', 'TinkerWorkbench', '2', 'Stable Cobalt Flux', 1, 'Stableflux.webp', 'Stable Yellowcake Flux', 1, 'Stableflux.webp', 'Stable Crimson Flux', 1, 'Stableflux.webp', 'Stable Fluorescent Flux', 1, 'Stableflux.webp', 'Stable Violet Flux ', 1, 'Stableflux.webp', '', 0, '', '', 0, ''),
(121, 'Fusion Core', 'FusionCore.webp', 0, 'Energy Ammo', 'TinkerWorkbench', '3', 'Stable Cobalt Flux', 1, 'Stableflux.webp', 'Stable Yellowcake Flux', 1, 'Stableflux.webp', 'Stable Crimson Flux', 1, 'Stableflux.webp', 'Stable Fluorescent Flux', 1, 'Stableflux.webp', 'Stable Violet Flux ', 1, 'Stableflux.webp', '', 0, '', '', 0, ''),
(122, '2 mm Electromagnetic Cartridge', '2mmElectromagnetiCartridge.webp', 0, 'Energy Ammo', 'TinkerWorkbench', '1', 'Lead', 5, 'Lead.webp', 'Steel', 15, 'Steel.webp', '', 0, '', '', 0, '', '', 0, '', '', 0, '', '', 0, ''),
(123, '2 mm Electromagnetic Cartridge', '2mmElectromagnetiCartridge.webp', 0, 'Energy Ammo', 'TinkerWorkbench', '2', 'Lead', 5, 'Lead.webp', 'Steel', 15, 'Steel.webp', '', 0, '', '', 0, '', '', 0, '', '', 0, '', '', 0, ''),
(124, '2 mm Electromagnetic Cartridge', '2mmElectromagnetiCartridge.webp', 0, 'Energy Ammo', 'TinkerWorkbench', '3', 'Lead', 5, 'Lead.webp', 'Steel', 15, 'Steel.webp', '', 0, '', '', 0, '', '', 0, '', '', 0, '', '', 0, ''),
(125, 'Fuel', 'Fuel.webp', 2, 'Energy Ammo', 'TinkerWorkbench', '1', 'Acid', 10, 'Acid.webp', 'Oil', 5, 'Oil.webp', 'Steel', 2, 'Steel.webp', '', 0, '', '', 0, '', '', 0, '', '', 0, ''),
(126, 'Fuel', 'Fuel.webp', 0, 'Energy Ammo', 'TinkerWorkbench', '2', 'Acid', 10, 'Acid.webp', 'Oil', 5, 'Oil.webp', 'Steel', 2, 'Steel.webp', '', 0, '', '', 0, '', '', 0, '', '', 0, ''),
(127, 'Fuel', 'Fuel.webp', 0, 'Energy Ammo', 'TinkerWorkbench', '3', 'Acid', 10, 'Acid.webp', 'Oil', 5, 'Oil.webp', 'Steel', 2, 'Steel.webp', '', 0, '', '', 0, '', '', 0, '', '', 0, ''),
(128, 'Fusion Cell', 'FusionCell.webp', 0, 'Energy Ammo', 'TinkerWorkbench', '1', 'Copper', 4, 'Copper.webp', 'Lead', 8, 'Lead.webp', 'Plastic', 4, 'Plastic.webp', '', 0, '', '', 0, '', '', 0, '', '', 0, ''),
(129, 'Fusion Cell', 'FusionCell.webp', 0, 'Energy Ammo', 'TinkerWorkbench', '2', 'Copper', 4, 'Copper.webp', 'Lead', 8, 'Lead.webp', 'Plastic', 4, 'Plastic.webp', '', 0, '', '', 0, '', '', 0, '', '', 0, ''),
(130, 'Fusion Cell', 'FusionCell.webp', 0, 'Energy Ammo', 'TinkerWorkbench', '3', 'Copper', 4, 'Copper.webp', 'Lead', 8, 'Lead.webp', 'Plastic', 4, 'Plastic.webp', '', 0, '', '', 0, '', '', 0, '', '', 0, ''),
(131, 'Mini Nuke', 'MiniNuke.webp', 0, 'Explosive Ammo', 'TinkerWorkbench', '1', 'Adhesive', 5, 'Adhesive.webp', 'Circuitry', 4, 'Circuitry.webp', 'Lead', 3, 'Lead.webp', 'Steel', 10, 'Steel.webp', 'Screws', 10, 'Screws.webp', 'Nuclear Material', 5, 'Nuclearmaterial.webp', '', 0, ''),
(132, 'Mini Nuke', 'MiniNuke.webp', 0, 'Explosive Ammo', 'TinkerWorkbench', '2', 'Adhesive', 5, 'Adhesive.webp', 'Circuitry', 4, 'Circuitry.webp', 'Lead', 3, 'Lead.webp', 'Steel', 10, 'Steel.webp', 'Screws', 10, 'Screws.webp', 'Nuclear Material', 5, 'Nuclearmaterial.webp', '', 0, ''),
(133, 'Mini Nuke', 'MiniNuke.webp', 0, 'Explosive Ammo', 'TinkerWorkbench', '3', 'Adhesive', 5, 'Adhesive.webp', 'Circuitry', 4, 'Circuitry.webp', 'Lead', 3, 'Lead.webp', 'Steel', 10, 'Steel.webp', 'Screws', 10, 'Screws.webp', 'Nuclear Material', 5, 'Nuclearmaterial.webp', '', 0, ''),
(134, 'Gunpowder', 'Gunpowder.webp', 0, 'Ammo', 'ChemistryStation ', '1', 'Acid', 3, 'Acid.webp', 'Cloth', 5, 'Cloth.webp', '', 0, '', '', 0, '', '', 0, '', '', 0, '', '', 0, ''),
(135, 'Gunpowder', 'Gunpowder.webp', 0, 'Ammo', 'ChemistryStation ', '2', 'Acid', 3, 'Acid.webp', 'Cloth', 5, 'Cloth.webp', '', 0, '', '', 0, '', '', 0, '', '', 0, '', '', 0, ''),
(136, 'Gunpowder', 'Gunpowder.webp', 0, 'Ammo', 'ChemistryStation ', '3', 'Acid', 3, 'Acid.webp', 'Cloth', 5, 'Cloth.webp', '', 0, '', '', 0, '', '', 0, '', '', 0, '', '', 0, ''),
(137, 'Antibiotics', 'Antibiotics.webp', 0, 'Healing', 'ChemistryStation', '1', 'Antiseptic', 3, 'Antiseptic.webp', 'Purified Water', 2, 'PurifiedWater.webp', 'Stimpak', 1, 'Stimpak.webp', '', 0, '', '', 0, '', '', 0, '', '', 0, ''),
(138, 'Antibiotics', 'Antibiotics.webp', 0, 'Healing', 'ChemistryStation', '2', 'Antiseptic', 3, 'Antiseptic.webp', 'Purified Water', 2, 'PurifiedWater.webp', 'Stimpak', 1, 'Stimpak.webp', '', 0, '', '', 0, '', '', 0, '', '', 0, ''),
(140, 'Antibiotics', 'Antibiotics.webp', 100, 'Healing', 'ChemistryStation', '3', 'Antiseptic', 3, 'Antiseptic.webp', 'Purified Water', 2, 'PurifiedWater.webp', 'Stimpak', 1, 'Stimpak.webp', '', 0, '', '', 0, '', '', 0, '', '', 0, ''),
(141, 'RadAway', 'RadAway.webp', 0, 'Healing', 'ChemistryStation', '1', 'Antiseptic', 2, 'Antiseptic.webp', 'Purified Water', 1, 'PurifiedWater.webp', 'Plastic', 1, 'Plastic.webp', '', 0, '', '', 0, '', '', 0, '', '', 0, ''),
(142, 'RadAway', 'RadAway.webp', 0, 'Healing', 'ChemistryStation', '2', 'Antiseptic', 2, 'Antiseptic.webp', 'Purified Water', 1, 'PurifiedWater.webp', 'Plastic', 1, 'Plastic.webp', '', 0, '', '', 0, '', '', 0, '', '', 0, ''),
(143, 'RadAway', 'RadAway.webp', 0, 'Healing', 'ChemistryStation', '3', 'Antiseptic', 2, 'Antiseptic.webp', 'Purified Water', 1, 'PurifiedWater.webp', 'Plastic', 1, 'Plastic.webp', '', 0, '', '', 0, '', '', 0, '', '', 0, ''),
(144, 'Purified Water', 'PurifiedWater.webp', 0, 'Water', 'ChemistryStation', '1', 'Dirty Water', 1, 'DirtyWater.webp', 'Wood', 1, 'Wood.webp', '', 0, '', '', 0, '', '', 0, '', '', 0, '', '', 0, ''),
(145, 'Purified Water', 'PurifiedWater.webp', 0, 'Water', 'ChemistryStation', '2', 'Dirty Water', 1, 'DirtyWater.webp', 'Wood', 1, 'Wood.webp', '', 0, '', '', 0, '', '', 0, '', '', 0, '', '', 0, ''),
(146, 'Purified Water', 'PurifiedWater.webp', 0, 'Water', 'ChemistryStation', '3', 'Dirty Water', 1, 'DirtyWater.webp', 'Wood', 1, 'Wood.webp', '', 0, '', '', 0, '', '', 0, '', '', 0, '', '', 0, ''),
(147, 'Deathclaw Steak', 'DeathclawSteak.webp', 0, 'Meat', 'CookingStation', '1', 'Deathclaw Hand ', 1, 'Deathclawhand.png', 'Wood', 1, 'Wood.webp', '', 0, '', '', 0, '', '', 0, '', '', 0, '', '', 0, ''),
(148, 'Deathclaw Steak', 'DeathclawSteak.webp', 0, 'Meat', 'CookingStation', '2', 'Deathclaw Hand ', 1, 'Deathclawhand.png', 'Wood', 1, 'Wood.webp', '', 0, '', '', 0, '', '', 0, '', '', 0, '', '', 0, ''),
(149, 'Deathclaw Steak', 'DeathclawSteak.webp', 0, 'Meat', 'CookingStation', '3', 'Deathclaw Hand ', 1, 'Deathclawhand.png', 'Wood', 1, 'Wood.webp', '', 0, '', '', 0, '', '', 0, '', '', 0, '', '', 0, ''),
(150, 'Crispy Squirrel Bits', 'CrispySquirrelBits.webp', 0, 'Meat', 'CookingStation', '1', 'Squirrel Bits', 1, 'SquirrelBits.png', 'Wood', 1, 'Wood.webp', '', 0, '', '', 0, '', '', 0, '', '', 0, '', '', 0, ''),
(151, 'Crispy Squirrel Bits', 'CrispySquirrelBits.webp', 0, 'Meat', 'CookingStation', '2', 'Squirrel Bits', 1, 'SquirrelBits.png', 'Wood', 1, 'Wood.webp', '', 0, '', '', 0, '', '', 0, '', '', 0, '', '', 0, ''),
(152, 'Crispy Squirrel Bits', 'CrispySquirrelBits.webp', 0, 'Meat', 'CookingStation', '3', 'Squirrel Bits', 1, 'SquirrelBits.png', 'Wood', 1, 'Wood.webp', '', 0, '', '', 0, '', '', 0, '', '', 0, '', '', 0, ''),
(153, 'Grilled Radroach ', 'GrilledRadroach.webp', 0, 'Meat', 'CookingStation', '1', 'Radroach Meat', 1, 'RadroachMeat.png', 'Wood', 1, 'Wood.webp', '', 0, '', '', 0, '', '', 0, '', '', 0, '', '', 0, ''),
(154, 'Grilled Radroach ', 'GrilledRadroach.webp', 0, 'Meat', 'CookingStation', '2', 'Radroach Meat', 1, 'RadroachMeat.png', 'Wood', 1, 'Wood.webp', '', 0, '', '', 0, '', '', 0, '', '', 0, '', '', 0, ''),
(155, 'Grilled Radroach ', 'GrilledRadroach.webp', 0, 'Meat', 'CookingStation', '3', 'Radroach Meat', 1, 'RadroachMeat.png', 'Wood', 1, 'Wood.webp', '', 0, '', '', 0, '', '', 0, '', '', 0, '', '', 0, ''),
(164, 'Wolf Ribs', 'WolfMeat.png', 0, 'Meat', 'CookingStation', '1', 'Wolf Meat', 1, 'WolfMeat.png', 'Wood', 1, 'Wood.webp', '', 0, '', '', 0, '', '', 0, '', '', 0, '', '', 0, ''),
(165, 'Wolf Ribs', 'WolfMeat.png', 0, 'Meat', 'CookingStation', '2', 'Wolf Meat', 1, 'WolfMeat.png', 'Wood', 1, 'Wood.webp', '', 0, '', '', 0, '', '', 0, '', '', 0, '', '', 0, ''),
(166, 'Wolf Ribs', 'WolfMeat.png', 0, 'Meat', 'CookingStation', '3', 'Wolf Meat', 1, 'WolfMeat.png', 'Wood', 1, 'Wood.webp', '', 0, '', '', 0, '', '', 0, '', '', 0, '', '', 0, ''),
(167, 'Chew Stick', 'LureWeed.png', 0, 'Vegetables', 'CookingStation', '1', 'Lure Weed', 1, 'LureWeed.png', 'Wood', 1, 'Wood.webp', '', 0, '', '', 0, '', '', 0, '', '', 0, '', '', 0, ''),
(168, 'Chew Stick', 'LureWeed.png', 0, 'Vegetables', 'CookingStation', '2', 'Lure Weed', 1, 'LureWeed.png', 'Wood', 1, 'Wood.webp', '', 0, '', '', 0, '', '', 0, '', '', 0, '', '', 0, ''),
(169, 'Chew Stick', 'LureWeed.png', 0, 'Vegetables', 'CookingStation', '3', 'Lure Weed', 1, 'LureWeed.png', 'Wood', 1, 'Wood.webp', '', 0, '', '', 0, '', '', 0, '', '', 0, '', '', 0, ''),
(170, 'Sweet Tato Stew', 'Stew.webp', 0, 'Vegetables', 'CookingStation', '1', 'Sugar', 1, 'Sugar.png', 'Mutfruit', 1, 'Mutfruit.png', 'Tato', 1, 'Tato.png', 'Wood', 1, 'Wood.webp', 'Purified Water', 1, 'PurifiedWater.webp', '', 0, '', '', 0, ''),
(171, 'Sweet Tato Stew', 'Stew.webp', 0, 'Vegetables', 'CookingStation', '2', 'Sugar', 1, 'Sugar.png', 'Mutfruit', 1, 'Mutfruit.png', 'Tato', 1, 'Tato.png', 'Wood', 1, 'Wood.webp', 'Purified Water', 1, 'PurifiedWater.webp', '', 0, '', '', 0, ''),
(172, 'Sweet Tato Stew', 'Stew.webp', 0, 'Vegetables', 'CookingStation', '3', 'Sugar', 1, 'Sugar.png', 'Mutfruit', 1, 'Mutfruit.png', 'Tato', 1, 'Tato.png', 'Wood', 1, 'Wood.webp', 'Purified Water', 1, 'PurifiedWater.webp', '', 0, '', '', 0, ''),
(173, 'Corn Pie', 'CornPie.webp', 0, 'Vegetables', 'CookingStation', '1', 'Sugar', 1, 'Sugar.png', 'Corn', 1, 'Corn.png', 'Mirelurk Egg', 1, 'Mirelurkegg.png', 'Wood', 1, 'Wood.webp', 'Purified Water', 1, 'PurifiedWater.webp', '', 0, '', '', 0, ''),
(174, 'Corn Pie', 'CornPie.webp', 0, 'Vegetables', 'CookingStation', '2', 'Sugar', 1, 'Sugar.png', 'Corn', 1, 'Corn.png', 'Mirelurk Egg', 1, 'Mirelurkegg.png', 'Wood', 1, 'Wood.webp', 'Purified Water', 1, 'PurifiedWater.webp', '', 0, '', '', 0, ''),
(175, 'Corn Pie', 'CornPie.webp', 0, 'Vegetables', 'CookingStation', '3', 'Sugar', 1, 'Sugar.png', 'Corn', 1, 'Corn.png', 'Mirelurk Egg', 1, 'Mirelurkegg.png', 'Wood', 1, 'Wood.webp', 'Purified Water', 1, 'PurifiedWater.webp', '', 0, '', '', 0, ''),
(176, 'Beer', 'Beer.webp', 0, 'Brews', 'BrewingStation', '1', 'Puriefied Water', 2, 'PurifiedWater.webp', 'Razorgrain', 2, 'Razorgrain.png', 'Wood', 2, 'Wood.webp', 'Corn', 1, 'Corn.png', '', 0, '', '', 0, '', '', 0, ''),
(177, 'Beer', 'Beer.webp', 0, 'Brews', 'BrewingStation', '2', 'Puriefied Water', 2, 'PurifiedWater.webp', 'Razorgrain', 2, 'Razorgrain.png', 'Wood', 2, 'Wood.webp', 'Corn', 1, 'Corn.png', '', 0, '', '', 0, '', '', 0, ''),
(178, 'Beer', 'Beer.webp', 0, 'Brews', 'BrewingStation', '3', 'Puriefied Water', 2, 'PurifiedWater.webp', 'Razorgrain', 2, 'Razorgrain.png', 'Wood', 2, 'Wood.webp', 'Corn', 1, 'Corn.png', '', 0, '', '', 0, '', '', 0, ''),
(179, 'Bourbon', 'Bourbon.webp', 0, 'Brews', 'BrewingStation', '1', 'Purified Water', 1, 'PurifiedWater.webp', 'Razorgrain', 2, 'Razorgrain.png', 'Wood', 5, 'Wood.webp', 'Corn', 3, 'Corn.png', '', 0, '', '', 0, '', '', 0, ''),
(180, 'Bourbon', 'Bourbon.webp', 0, 'Brews', 'BrewingStation', '2', 'Purified Water', 1, 'PurifiedWater.webp', 'Razorgrain', 2, 'Razorgrain.png', 'Wood', 5, 'Wood.webp', 'Corn', 3, 'Corn.png', '', 0, '', '', 0, '', '', 0, ''),
(181, 'Bourbon', 'Bourbon.webp', 0, 'Brews', 'BrewingStation', '3', 'Purified Water', 1, 'PurifiedWater.webp', 'Razorgrain', 2, 'Razorgrain.png', 'Wood', 5, 'Wood.webp', 'Corn', 3, 'Corn.png', '', 0, '', '', 0, '', '', 0, ''),
(182, 'Firecracker Whiskey', 'FirecrackerWhiskey.webp', 0, 'Brews', 'BrewingStation', '1', 'Purified Water', 3, 'PurifiedWater.webp', 'Firecracker Berry ', 3, 'FirecrackerBerry.png', 'Wood', 3, 'Wood.webp', 'Corn', 3, 'Corn.png', '', 0, '', '', 0, '', '', 0, ''),
(183, 'Firecracker Whiskey', 'FirecrackerWhiskey.webp', 0, 'Brews', 'BrewingStation', '2', 'Purified Water', 3, 'PurifiedWater.webp', 'Firecracker Berry ', 3, 'FirecrackerBerry.png', 'Wood', 3, 'Wood.webp', 'Corn', 3, 'Corn.png', '', 0, '', '', 0, '', '', 0, ''),
(184, 'Firecracker Whiskey', 'FirecrackerWhiskey.webp', 0, 'Brews', 'BrewingStation', '3', 'Purified Water', 3, 'PurifiedWater.webp', 'Firecracker Berry ', 3, 'FirecrackerBerry.png', 'Wood', 3, 'Wood.webp', 'Corn', 3, 'Corn.png', '', 0, '', '', 0, '', '', 0, ''),
(185, 'Lead Champagne', 'LeadChampagne.webp', 0, 'Brews', 'BrewingStation', '1', 'Purified Water', 3, 'PurifiedWater.webp', 'Tarberry', 3, 'Tarberry.png', 'Wood', 5, 'Wood.webp', 'Lead', 2, 'Lead.webp', 'Nuclear Material', 1, 'Nuclearmaterial.webp', '', 0, '', '', 0, ''),
(186, 'Lead Champagne', 'LeadChampagne.webp', 0, 'Brews', 'BrewingStation', '2', 'Purified Water', 3, 'PurifiedWater.webp', 'Tarberry', 3, 'Tarberry.png', 'Wood', 5, 'Wood.webp', 'Lead', 2, 'Lead.webp', 'Nuclear Material', 1, 'Nuclearmaterial.webp', '', 0, '', '', 0, ''),
(187, 'Lead Champagne', 'LeadChampagne.webp', 0, 'Brews', 'BrewingStation', '3', 'Purified Water', 3, 'PurifiedWater.webp', 'Tarberry', 3, 'Tarberry.png', 'Wood', 5, 'Wood.webp', 'Lead', 2, 'Lead.webp', 'Nuclear Material', 1, 'Nuclearmaterial.webp', '', 0, '', '', 0, ''),
(188, 'Whiskey', 'Whiskey.webp', 0, 'Brews', 'BrewingStation', '1', 'Purified Water', 3, 'PurifiedWater.webp', 'Razorgrain', 2, 'Razorgrain.png', 'Wood', 5, 'Wood.webp', 'Corn', 3, 'Corn.png', '', 0, '', '', 0, '', '', 0, ''),
(189, 'Whiskey', 'Whiskey.webp', 0, 'Brews', 'BrewingStation', '2', 'Purified Water', 3, 'PurifiedWater.webp', 'Razorgrain', 2, 'Razorgrain.png', 'Wood', 5, 'Wood.webp', 'Corn', 3, 'Corn.png', '', 0, '', '', 0, '', '', 0, ''),
(190, 'Whiskey', 'Whiskey.webp', 0, 'Brews', 'BrewingStation', '3', 'Purified Water', 3, 'PurifiedWater.webp', 'Razorgrain', 2, 'Razorgrain.png', 'Wood', 5, 'Wood.webp', 'Corn', 3, 'Corn.png', '', 0, '', '', 0, '', '', 0, ''),
(191, 'Stimpak', 'Stimpak.webp', 2, 'Healing', 'ChemistryStation', '1', 'Antiseptic', 2, 'Antiseptic.webp', 'Steel', 1, 'Steel.webp', '', 0, '', '', 0, '', '', 0, '', '', 0, '', '', 0, ''),
(192, 'Stimpak', 'Stimpak.webp', 0, 'Healing', 'ChemistryStation', '2', 'Antiseptic', 2, 'Antiseptic.webp', 'Steel', 1, 'Steel.webp', '', 0, '', '', 0, '', '', 0, '', '', 0, '', '', 0, ''),
(193, 'Stimpak', 'Stimpak.webp', 0, 'Healing', 'ChemistryStation', '3', 'Antiseptic', 2, 'Antiseptic.webp', 'Steel', 1, 'Steel.webp', '', 0, '', '', 0, '', '', 0, '', '', 0, '', '', 0, '');

-- --------------------------------------------------------

--
-- Table structure for table `inventory`
--

DROP TABLE IF EXISTS `inventory`;
CREATE TABLE IF NOT EXISTS `inventory` (
  `Inventory_id` int(255) NOT NULL AUTO_INCREMENT,
  `ItemName` varchar(50) NOT NULL,
  `ItemQuantity` int(15) NOT NULL,
  `ItemPicture` varchar(50) NOT NULL,
  `ItemType` varchar(255) NOT NULL,
  `Location_id` int(255) NOT NULL,
  PRIMARY KEY (`Inventory_id`),
  KEY `Location_id` (`Location_id`)
) ENGINE=InnoDB AUTO_INCREMENT=361 DEFAULT CHARSET=latin1;

--
-- Dumping data for table `inventory`
--

INSERT INTO `inventory` (`Inventory_id`, `ItemName`, `ItemQuantity`, `ItemPicture`, `ItemType`, `Location_id`) VALUES
(1, 'Acid', 100, 'Acid.webp', 'Junk', 1),
(2, 'Acid', 100, 'Acid.webp', 'Junk', 2),
(3, 'Acid', 50, 'Acid.webp', 'Junk', 3),
(4, 'Adhesive', 99, 'Adhesive.webp', 'Junk', 1),
(5, 'Adhesive', 0, 'Adhesive.webp', 'Junk', 2),
(6, 'Adhesive', 100, 'Adhesive.webp', 'Junk', 3),
(7, 'Aluminum', 99, 'Aluminium.webp', 'Junk', 1),
(8, 'Aluminum', 0, 'Aluminium.webp', 'Junk', 2),
(9, 'Aluminum', 0, 'Aluminium.webp', 'Junk', 3),
(10, 'Antiseptic', 97, 'Antiseptic.webp', 'Junk', 1),
(11, 'Antiseptic', 0, 'Antiseptic.webp', 'Junk', 2),
(12, 'Antiseptic', 0, 'Antiseptic.webp', 'Junk', 3),
(13, 'Asbestos', 0, 'Asbestos.webp', 'Junk', 1),
(14, 'Asbestos', 0, 'Asbestos.webp', 'Junk', 2),
(15, 'Asbestos', 0, 'Asbestos.webp', 'Junk', 3),
(16, 'Ballistic Fibre', 0, 'Ballisticfibe.webp', 'Junk', 1),
(17, 'Ballistic Fibre', 0, 'Ballisticfibe.webp', 'Junk', 2),
(18, 'Ballistic Fibre', 0, 'Ballisticfibe.webp', 'Junk', 3),
(19, 'Black Titanium', 0, 'BlackTitanium.webp', 'Junk', 1),
(20, 'Black Titanium', 0, 'BlackTitanium.webp', 'Junk', 2),
(21, 'Black Titanium', 0, 'BlackTitanium.webp', 'Junk', 3),
(22, 'Bone', 0, 'Bone.webp', 'Junk', 1),
(23, 'Bone', 0, 'Bone.webp', 'Junk', 2),
(24, 'Bone', 0, 'Bone.webp', 'Junk', 3),
(25, 'Ceramic', 0, 'Ceramic.webp', 'Junk', 1),
(26, 'Ceramic', 0, 'Ceramic.webp', 'Junk', 2),
(27, 'Ceramic', 0, 'Ceramic.webp', 'Junk', 3),
(28, 'Circuitry', 100, 'Circuitry.webp', 'Junk', 1),
(29, 'Circuitry', 0, 'Circuitry.webp', 'Junk', 2),
(30, 'Circuitry', 0, 'Circuitry.webp', 'Junk', 3),
(31, 'Cloth', 85, 'Cloth.webp', 'Junk', 1),
(32, 'Cloth', -24, 'Cloth.webp', 'Junk', 2),
(33, 'Cloth', -2, 'Cloth.webp', 'Junk', 3),
(34, 'Coal', 0, 'Coal.webp', 'Junk', 1),
(35, 'Coal', 0, 'Coal.webp', 'Junk', 2),
(36, 'Coal', 0, 'Coal.webp', 'Junk', 3),
(37, 'Concrete', 0, 'Concrete.webp', 'Junk', 1),
(38, 'Concrete', 0, 'Concrete.webp', 'Junk', 2),
(39, 'Concrete', 0, 'Concrete.webp', 'Junk', 3),
(40, 'Copper', 0, 'Copper.webp', 'Junk', 1),
(41, 'Copper', 0, 'Copper.webp', 'Junk', 2),
(42, 'Copper', 0, 'Copper.webp', 'Junk', 3),
(43, 'Cork', 0, 'Cork.webp', 'Junk', 1),
(44, 'Cork', 0, 'Cork.webp', 'Junk', 2),
(45, 'Cork', 0, 'Cork.webp', 'Junk', 3),
(46, 'Crystal', 99, 'Crystal.webp', 'Junk', 1),
(47, 'Crystal', 0, 'Crystal.webp', 'Junk', 2),
(48, 'Crystal', 0, 'Crystal.webp', 'Junk', 3),
(49, 'Fiberglass', 99, 'Fiberglass.webp', 'Junk', 1),
(50, 'Fiberglass', 0, 'Fiberglass.webp', 'Junk', 2),
(51, 'Fiberglass', 0, 'Fiberglass.webp', 'Junk', 3),
(52, 'Fertilizer', 0, 'Fertilizer.webp', 'Junk', 1),
(53, 'Fertilizer', 0, 'Fertilizer.webp', 'Junk', 2),
(54, 'Fertilizer', 0, 'Fertilizer.webp', 'Junk', 3),
(55, 'Fiber Optics', 0, 'Fiberoptics.webp', 'Junk', 1),
(56, 'Fiber Optics', 0, 'Fiberoptics.webp', 'Junk', 2),
(57, 'Fiber Optics', 0, 'Fiberoptics.webp', 'Junk', 3),
(58, 'Gears', 0, 'Gears.webp', 'Junk', 1),
(59, 'Gears', 0, 'Gears.webp', 'Junk', 2),
(60, 'Gears', 0, 'Gears.webp', 'Junk', 3),
(61, 'Glass', 0, 'Glass.webp', 'Junk', 1),
(62, 'Glass', 0, 'Glass.webp', 'Junk', 2),
(63, 'Glass', 0, 'Glass.webp', 'Junk', 3),
(64, 'Gold', 0, 'Gold.webp', 'Junk', 1),
(65, 'Gold', 0, 'Gold.webp', 'Junk', 2),
(66, 'Gold', 0, 'Gold.webp', 'Junk', 3),
(67, 'Lead', 0, 'Lead.webp', 'Junk', 1),
(68, 'Lead', 0, 'Lead.webp', 'Junk', 2),
(69, 'Lead', 0, 'Lead.webp', 'Junk', 3),
(70, 'Leather', 19, 'Leather.webp', 'Junk', 1),
(71, 'Leather', 22, 'Leather.webp', 'Junk', 2),
(72, 'Leather', 45, 'Leather.webp', 'Junk', 3),
(73, 'Nuclear Material', 0, 'Nuclearmaterial.webp', 'Junk', 1),
(74, 'Nuclear Material', 0, 'Nuclearmaterial.webp', 'Junk', 2),
(75, 'Nuclear Material', 0, 'Nuclearmaterial.webp', 'Junk', 3),
(76, 'Oil', 97, 'Oil.webp', 'Junk', 1),
(77, 'Oil', 0, 'Oil.webp', 'Junk', 2),
(78, 'Oil', 0, 'Oil.webp', 'Junk', 3),
(79, 'Plastic', 0, 'Plastic.webp', 'Junk', 1),
(80, 'Plastic', 0, 'Plastic.webp', 'Junk', 2),
(81, 'Plastic', 0, 'Plastic.webp', 'Junk', 3),
(82, 'Rubber', 100, 'Rubber.webp', 'Junk', 1),
(83, 'Rubber', 0, 'Rubber.webp', 'Junk', 2),
(84, 'Rubber', 0, 'Rubber.webp', 'Junk', 3),
(85, 'Screws', 0, 'Screws.webp', 'Junk', 1),
(86, 'Screws', 0, 'Screws.webp', 'Junk', 2),
(87, 'Screws', 0, 'Screws.webp', 'Junk', 3),
(88, 'Silver', 0, 'Lead.webp', 'Junk', 1),
(89, 'Silver', 0, 'Lead.webp', 'Junk', 2),
(90, 'Silver', 0, 'Lead.webp', 'Junk', 3),
(91, 'Springs', 0, 'Spring.webp', 'Junk', 1),
(92, 'Springs', 0, 'Spring.webp', 'Junk', 2),
(93, 'Springs', 0, 'Spring.webp', 'Junk', 3),
(94, 'Stable Cobalt Flux', 0, 'Stableflux.webp', 'Junk', 1),
(95, 'Stable Cobalt Flux', 0, 'Stableflux.webp', 'Junk', 2),
(96, 'Stable Cobalt Flux', 0, 'Stableflux.webp', 'Junk', 3),
(97, 'Stable Crimson Flux', 0, 'Stableflux.webp', 'Junk', 1),
(98, 'Stable Crimson Flux', 0, 'Stableflux.webp', 'Junk', 2),
(99, 'Stable Crimson Flux', 0, 'Stableflux.webp', 'Junk', 3),
(100, 'Stable Fluorescent Flux', 0, 'Stableflux.webp', 'Junk', 1),
(101, 'Stable Fluorescent Flux', 0, 'Stableflux.webp', 'Junk', 2),
(102, 'Stable Fluorescent Flux', 0, 'Stableflux.webp', 'Junk', 3),
(103, 'Stable Violet Flux', 0, 'Stableflux.webp', 'Junk', 1),
(104, 'Stable Violet Flux', 0, 'Stableflux.webp', 'Junk', 2),
(105, 'Stable Violet Flux', 0, 'Stableflux.webp', 'Junk', 3),
(106, 'Stable Yellowcake Flux', 0, 'Stableflux.webp', 'Junk', 1),
(107, 'Stable Yellowcake Flux', 0, 'Stableflux.webp', 'Junk', 2),
(108, 'Stable Yellowcake Flux', 0, 'Stableflux.webp', 'Junk', 3),
(109, 'Steel', 94, 'Steel.webp', 'Junk', 1),
(110, 'Steel', 0, 'Steel.webp', 'Junk', 2),
(111, 'Steel', 0, 'Steel.webp', 'Junk', 3),
(112, 'Ultracite', 100, 'Ultracitescrap.webp', 'Junk', 1),
(113, 'Ultracite', 0, 'Ultracitescrap.webp', 'Junk', 2),
(114, 'Ultracite', 0, 'Ultracitescrap.webp', 'Junk', 3),
(115, 'Wood', 0, 'Wood.webp', 'Junk', 1),
(116, 'Wood', 0, 'Wood.webp', 'Junk', 2),
(117, 'Wood', 0, 'Wood.webp', 'Junk', 3),
(118, 'Corn', 0, 'Corn.png', 'Extras', 1),
(119, 'Corn', 0, 'Corn.png', 'Extras', 2),
(120, 'Corn', 0, 'Corn.png', 'Extras', 3),
(121, 'Deathclaw Hand', 0, 'Deathclawhand.png', 'Extras', 1),
(122, 'Deathclaw Hand', 0, 'Deathclawhand.png', 'Extras', 2),
(123, 'Deathclaw Hand', 0, 'Deathclawhand.png', 'Extras', 3),
(124, 'Dirty Water', 0, 'Dirtywater.png', 'Extras', 1),
(125, 'Dirty Water', 0, 'Dirtywater.png', 'Extras', 2),
(126, 'Dirty Water', 0, 'Dirtywater.png', 'Extras', 3),
(127, 'Firecracker Berry', 0, 'FirecrackerBerry.png', 'Extras', 1),
(128, 'Firecracker Berry', 0, 'FirecrackerBerry.png', 'Extras', 2),
(129, 'Firecracker Berry', 0, 'FirecrackerBerry.png', 'Extras', 3),
(130, 'Lure Weed', 0, 'LureWeed.png', 'Extras', 1),
(131, 'Lure Weed', 0, 'LureWeed.png', 'Extras', 2),
(132, 'Lure Weed', 0, 'LureWeed.png', 'Extras', 3),
(133, 'Megasloth Meat', 0, 'MegaslothMeat.png', 'Extras', 1),
(134, 'Megasloth Meat', 0, 'MegaslothMeat.png', 'Extras', 2),
(135, 'Megasloth Meat', 0, 'MegaslothMeat.png', 'Extras', 3),
(136, 'Mirelurk Egg', 0, 'Mirelurkegg.png', 'Extras', 1),
(137, 'Mirelurk Egg', 0, 'Mirelurkegg.png', 'Extras', 2),
(138, 'Mirelurk Egg', 0, 'Mirelurkegg.png', 'Extras', 3),
(139, 'Mole Rat Meat', 0, 'MoleRatMeat .png', 'Extras', 1),
(140, 'MoleRatMeat', 0, 'Mole Rat Meat .png', 'Extras', 2),
(141, 'MoleRatMeat', 0, 'Mole Rat Meat .png', 'Extras', 3),
(142, 'Mutfruit', 0, 'Mutfruit.png', 'Extras', 1),
(143, 'Mutfruit', 0, 'Mutfruit.png', 'Extras', 2),
(144, 'Mutfruit', 0, 'Mutfruit.png', 'Extras', 3),
(145, 'Radroach Meat', 0, 'RadroachMeat.png', 'Extras', 1),
(146, 'Radroach Meat', 0, 'RadroachMeat.png', 'Extras', 2),
(147, 'Radroach Meat', 0, 'RadroachMeat.png', 'Extras', 3),
(148, 'Razorgrain', 0, 'Razorgrain.png', 'Extras', 1),
(149, 'Razorgrain', 0, 'Razorgrain.png', 'Extras', 2),
(150, 'Razorgrain', 0, 'Razorgrain.png', 'Extras', 3),
(151, 'Squirrel Bits', 0, 'SquirrelBits.png', 'Extras', 1),
(152, 'Squirrel Bits', 0, 'SquirrelBits.png', 'Extras', 2),
(153, 'Squirrel Bits', 0, 'SquirrelBits.png', 'Extras', 3),
(154, 'Sugar', 0, 'Sugar.png', 'Extras', 1),
(155, 'Sugar', 0, 'Sugar.png', 'Extras', 2),
(156, 'Sugar', 0, 'Sugar.png', 'Extras', 3),
(157, 'Tarberry', 0, 'Tarberry.png', 'Extras', 1),
(158, 'Tarberry', 0, 'Tarberry.png', 'Extras', 2),
(159, 'Tarberry', 0, 'Tarberry.png', 'Extras', 3),
(160, 'Tato', 0, 'Tato.png', 'Extras', 1),
(161, 'Tato', 0, 'Tato.png', 'Extras', 2),
(162, 'Tato', 0, 'Tato.png', 'Extras', 3),
(163, 'Tin Can', 0, 'TinCan.png', 'Extras', 1),
(164, 'Tin Can', 0, 'TinCan.png', 'Extras', 2),
(165, 'Tin Can', 0, 'TinCan.png', 'Extras', 3),
(166, 'Wolf Meat', 0, 'WolfMeat.png', 'Extras', 1),
(167, 'Wolf Meat', 0, 'WolfMeat.png', 'Extras', 2),
(168, 'Wolf Meat', 0, 'WolfMeat.png', 'Extras', 3),
(169, 'Bloodeagle underarmour', 38, 'Bloodeagle.webp', 'Craftable', 1),
(170, 'Bloodeagle underarmour', 18, 'Bloodeagle.webp', 'Craftable', 2),
(171, 'Bloodeagle underarmour', 1, 'Bloodeagle.webp', 'Craftable', 3),
(172, 'Brotherhood of Steel underarmour', 2, 'BOS.webp', 'Craftable', 1),
(173, 'Brotherhood of Steel underarmour', 3, 'BOS.webp', 'Craftable', 2),
(174, 'Brotherhood of Steel underarmour', 1, 'BOS.webp', 'Craftable', 3),
(175, 'Overseer underarmour', 1, 'Overseer.webp', 'Craftable', 1),
(176, 'Overseer underarmour', 0, 'Overseer.webp', 'Craftable', 2),
(177, 'Overseer underarmour', 0, 'Overseer.webp', 'Craftable', 3),
(178, 'Secret Service Underarmour', 0, 'SecretService.webp', 'Craftable', 1),
(179, 'Secret Service Underarmour', 0, 'SecretService.webp', 'Craftable', 2),
(180, 'Secret Service Underarmour', 0, 'SecretService.webp', 'Craftable', 3),
(181, 'Brotherhood Of Steel Armour', 0, 'BosArmour.webp', 'Craftable', 1),
(182, 'Brotherhood Of Steel Armour', 0, 'BosArmour.webp', 'Craftable', 2),
(183, 'Brotherhood Of Steel Armour', 0, 'BosArmour.webp', 'Craftable', 3),
(184, 'Heavy Combat Armour', 0, 'HeavyCombat.webp', 'Craftable', 1),
(185, 'Heavy Combat Armour', 0, 'HeavyCombat.webp', 'Craftable', 2),
(186, 'Heavy Combat Armour', 0, 'HeavyCombat.webp', 'Craftable', 3),
(187, 'Heavy Leather Armour', 0, 'HeavyLeather.webp', 'Craftable', 1),
(188, 'Heavy Leather Armour', 0, 'HeavyLeather.webp', 'Craftable', 2),
(189, 'Heavy Leather Armour', 0, 'HeavyLeather.webp', 'Craftable', 3),
(190, 'Marine Armour', 0, 'Marine.webp', 'Craftable', 1),
(191, 'Marine Armour', 0, 'Marine.webp', 'Craftable', 2),
(192, 'Marine Armour', 0, 'Marine.webp', 'Craftable', 3),
(193, 'Raider Armour', 0, 'Raider.webp', 'Craftable', 1),
(194, 'Raider Armour', 0, 'Raider.webp', 'Craftable', 2),
(195, 'Raider Armour', 0, 'Raider.webp', 'Craftable', 3),
(196, 'Secret Service Armour', 0, 'SecretServiceArmour.webp', 'Craftable', 1),
(197, 'Secret Service Armour', 0, 'SecretServiceArmour.webp', 'Craftable', 2),
(198, 'Secret Service Armour', 0, 'SecretServiceArmour.webp', 'Craftable', 3),
(199, 'Trapper Armour', 0, 'Trapper.webp', 'Craftable', 1),
(200, 'Trapper Armour', 0, 'Trapper.webp', 'Craftable', 2),
(201, 'Trapper Armour', 0, 'Trapper.webp', 'Craftable', 3),
(202, 'Excavator Power Armour ', 0, 'Excavator.webp', 'Craftable', 1),
(203, 'Excavator Power Armour ', 0, 'Excavator.webp', 'Craftable', 2),
(204, 'Excavator Power Armour ', 0, 'Excavator.webp', 'Craftable', 3),
(205, 'Hellcat Power Armour', 0, 'Hellcat.webp', 'Craftable', 1),
(206, 'Hellcat Power Armour', 0, 'Hellcat.webp', 'Craftable', 2),
(207, 'Hellcat Power Armour', 0, 'Hellcat.webp', 'Craftable', 3),
(208, 'Raider Power Armour', 1, 'RaiderPR.webp', 'Craftable', 1),
(209, 'Raider Power Armour', 0, 'RaiderPR.webp', 'Craftable', 2),
(210, 'Raider Power Armour', 0, 'RaiderPR.webp', 'Craftable', 3),
(211, 'Ultracite Power Armour ', 0, 'Ultracite.webp', 'Craftable', 1),
(212, 'Ultracite Power Armour ', 0, 'Ultracite.webp', 'Craftable', 2),
(213, 'Ultracite Power Armour ', 0, 'Ultracite.webp', 'Craftable', 3),
(214, '10mm Sub Machine Gun ', 0, '10mmsub.webp', 'Craftable', 1),
(215, '10mm Sub Machine Gun ', 0, '10mmsub.webp', 'Craftable', 2),
(216, '10mm Sub Machine Gun ', 0, '10mmsub.webp', 'Craftable', 3),
(217, 'Laser Gun ', 0, 'LaserGun.webp', 'Craftable', 1),
(218, 'Laser Gun ', 0, 'LaserGun.webp', 'Craftable', 2),
(219, 'Laser Gun ', 0, 'LaserGun.webp', 'Craftable', 3),
(220, 'Pipe Gun', 0, 'PipeGun.webp', 'Craftable', 1),
(221, 'Pipe Gun', 0, 'PipeGun.webp', 'Craftable', 2),
(222, 'Pipe Gun', 0, 'PipeGun.webp', 'Craftable', 3),
(223, 'Compound Bow', 0, 'CompoundBow.webp', 'Craftable ', 1),
(224, 'Compound Bow', 0, 'CompoundBow.webp', 'Craftable ', 2),
(225, 'Compound Bow', 0, 'CompoundBow.webp', 'Craftable ', 3),
(226, 'Double Barrel Shotgun', 0, 'DoubleBarrelShotgun.webp', 'Craftable', 1),
(227, 'Double Barrel Shotgun', 0, 'DoubleBarrelShotgun.webp', 'Craftable', 2),
(228, 'Double Barrel Shotgun', 0, 'DoubleBarrelShotgun.webp', 'Craftable', 3),
(229, 'Pepper Shaker ', 0, 'PepperShaker.webp', 'Craftable', 1),
(230, 'Pepper Shaker ', 0, 'PepperShaker.webp', 'Craftable', 2),
(231, 'Pepper Shaker ', 0, 'PepperShaker.webp', 'Craftable', 3),
(232, 'Tesla Rifle', 0, 'TeslaRifle.webp', 'Craftable', 1),
(233, 'Tesla Rifle', 0, 'TeslaRifle.webp', 'Craftable', 2),
(234, 'Tesla Rifle', 0, 'TeslaRifle.webp', 'Craftable', 3),
(235, 'The Dragon', 0, 'TheDragon.webp', 'Craftable', 1),
(236, 'The Dragon', 0, 'TheDragon.webp', 'Craftable', 2),
(237, 'The Dragon', 0, 'TheDragon.webp', 'Craftable', 3),
(238, 'The Fixer', 0, 'TheFixer.webp', 'Craftable', 1),
(239, 'The Fixer', 0, 'TheFixer.webp', 'Craftable', 2),
(240, 'The Fixer', 0, 'TheFixer.webp', 'Craftable', 3),
(241, 'Flamer ', 0, 'Flamer.webp', 'Craftable', 1),
(242, 'Flamer ', 0, 'Flamer.webp', 'Craftable', 2),
(243, 'Flamer ', 0, 'Flamer.webp', 'Craftable', 3),
(244, 'Gatling Laser', 0, 'GatlingLaser.webp', 'Craftable', 1),
(245, 'Gatling Laser', 0, 'GatlingLaser.webp', 'Craftable', 2),
(246, 'Gatling Laser', 0, 'GatlingLaser.webp', 'Craftable', 3),
(247, 'Plasma Gatling', 0, 'PlasmaGatling.webp', 'Craftable', 1),
(248, 'Plasma Gatling', 0, 'PlasmaGatling.webp', 'Craftable', 2),
(249, 'Plasma Gatling', 0, 'PlasmaGatling.webp', 'Craftable', 3),
(250, 'Deathclaw Gauntlet', 0, 'DeathclawGauntlet.webp', 'Craftable', 1),
(251, 'Deathclaw Gauntlet', 0, 'DeathclawGauntlet.webp', 'Craftable', 2),
(252, 'Deathclaw Gauntlet', 0, 'DeathclawGauntlet.webp', 'Craftable', 3),
(253, 'Ripper ', 0, 'Ripper.webp', 'Craftable', 1),
(254, 'Ripper ', 0, 'Ripper.webp', 'Craftable', 2),
(255, 'Ripper ', 0, 'Ripper.webp', 'Craftable', 3),
(256, 'Shishkebab', 0, 'Shishkebab.webp', 'Craftable', 1),
(257, 'Shishkebab', 0, 'Shishkebab.webp', 'Craftable', 2),
(258, 'Shishkebab', 0, 'Shishkebab.webp', 'Craftable', 3),
(259, 'Grognaks Axe', 0, 'GrognaksAxe.webp', 'Craftable', 1),
(260, 'Grognaks Axe', 0, 'GrognaksAxe.webp', 'Craftable', 2),
(261, 'Grognaks Axe', 0, 'GrognaksAxe.webp', 'Craftable', 3),
(262, 'Super Sledge', 0, 'SuperSledge.webp', 'Craftable', 1),
(263, 'Super Sledge', 0, 'SuperSledge.webp', 'Craftable', 2),
(264, 'Super Sledge', 0, 'SuperSledge.webp', 'Craftable', 3),
(265, 'Wardrum', 0, 'Wardrum.webp', 'Craftable', 1),
(266, 'Wardrum', 0, 'Wardrum.webp', 'Craftable', 2),
(267, 'Wardrum', 0, 'Wardrum.webp', 'Craftable', 3),
(268, '.38', 0, '38.webp', 'Craftable', 1),
(269, '.38', 0, '38.webp', 'Craftable', 2),
(270, '.38', 0, '38.webp', 'Craftable', 3),
(271, '.45', 0, '45.webp', 'Craftable', 1),
(272, '.45', 0, '45.webp', 'Craftable', 2),
(273, '.45', 0, '45.webp', 'Craftable', 3),
(274, '.50 Caliber', 0, '50Caliber.webp', 'Craftable', 1),
(275, '.50 Caliber', 0, '50Caliber.webp', 'Craftable', 2),
(276, '.50 Caliber', 0, '50Caliber.webp', 'Craftable', 3),
(277, '.308', 0, '308.webp', 'Craftable', 1),
(278, '.308', 0, '308.webp', 'Craftable', 2),
(279, '.308', 0, '308.webp', 'Craftable', 3),
(280, '5mm', 0, '5mm.webp', 'Craftable', 1),
(281, '5mm', 0, '5mm.webp', 'Craftable', 2),
(282, '5mm', 0, '5mm.webp', 'Craftable', 3),
(283, '10mm', 0, '10mm.webp', 'Craftable', 1),
(284, '10mm', 0, '10mm.webp', 'Craftable', 2),
(285, '10mm', 0, '10mm.webp', 'Craftable', 3),
(286, 'Shotgun Shell', 0, 'ShotgunShell.webp', 'Craftable', 1),
(287, 'Shotgun Shell', 0, 'ShotgunShell.webp', 'Craftable', 2),
(288, 'Shotgun Shell', 0, 'ShotgunShell.webp', 'Craftable', 3),
(289, '2mm Electromagnetic Cartridge', 0, '2mmElectromagnetiCartridge.webp', 'Craftable', 1),
(290, '2mm Electromagnetic Cartridge', 0, '2mmElectromagnetiCartridge.webp', 'Craftable', 2),
(291, '2mm Electromagnetic Cartridge', 0, '2mmElectromagnetiCartridge.webp', 'Craftable', 3),
(292, 'Fuel', 2, 'Fuel.webp', 'Craftable', 1),
(293, 'Fuel', 0, 'Fuel.webp', 'Craftable', 2),
(294, 'Fuel', 0, 'Fuel.webp', 'Craftable', 3),
(295, 'Fusion Cell', 0, 'FusionCell.webp', 'Craftable', 1),
(296, 'Fusion Cell', 0, 'FusionCell.webp', 'Craftable', 2),
(297, 'Fusion Cell', 0, 'FusionCell.webp', 'Craftable', 3),
(298, 'Fusion Core', 0, 'FusionCore.webp', 'Craftable', 1),
(299, 'Fusion Core', 0, 'FusionCore.webp', 'Craftable', 2),
(300, 'Fusion Core', 0, 'FusionCore.webp', 'Craftable', 3),
(301, 'Mini Nuke', 0, 'MiniNuke.webp', 'Craftable', 1),
(302, 'Mini Nuke', 0, 'MiniNuke.webp', 'Craftable', 2),
(303, 'Mini Nuke', 0, 'MiniNuke.webp', 'Craftable', 3),
(304, 'Antibiotics', 0, 'Antibiotics.webp', 'Craftable', 1),
(305, 'Antibiotics', 0, 'Antibiotics.webp', 'Craftable', 2),
(306, 'Antibiotics', 100, 'Antibiotics.webp', 'Craftable', 3),
(307, 'Dirty Water', 0, 'DirtyWater.webp', 'Craftable', 1),
(308, 'Dirty Water', 0, 'DirtyWater.webp', 'Craftable', 2),
(309, 'Dirty Water', 0, 'DirtyWater.webp', 'Craftable', 3),
(310, 'Gunpowder', 0, 'Gunpowder.webp', 'Craftable', 1),
(311, 'Gunpowder', 0, 'Gunpowder.webp', 'Craftable', 2),
(312, 'Gunpowder', 0, 'Gunpowder.webp', 'Craftable', 3),
(313, 'Purified Water', 0, 'PurifiedWater.webp', 'Craftable', 1),
(314, 'Purified Water', 0, 'PurifiedWater.webp', 'Craftable', 2),
(315, 'Purified Water', 0, 'PurifiedWater.webp', 'Craftable', 3),
(316, 'RadAway', 0, 'RadAway.webp', 'Craftable', 1),
(317, 'RadAway', 0, 'RadAway.webp', 'Craftable', 2),
(318, 'RadAway', 0, 'RadAway.webp', 'Craftable', 3),
(319, 'Stimpak', 2, 'Stimpak.webp', 'Craftable', 1),
(320, 'Stimpak', 0, 'Stimpak.webp', 'Craftable', 2),
(321, 'Stimpak', 0, 'Stimpak.webp', 'Craftable', 3),
(322, 'Crispy Squirrel Bits', 0, 'CrispySquirrelBits.webp', 'Craftable', 1),
(323, 'Crispy Squirrel Bits', 0, 'CrispySquirrelBits.webp', 'Craftable', 2),
(324, 'Crispy Squirrel Bits', 0, 'CrispySquirrelBits.webp', 'Craftable', 3),
(325, 'Deathclaw Steak', 0, 'DeathclawSteak.webp', 'Craftable', 1),
(326, 'Deathclaw Steak', 0, 'DeathclawSteak.webp', 'Craftable', 2),
(327, 'Deathclaw Steak', 0, 'DeathclawSteak.webp', 'Craftable', 3),
(328, 'Chicken noodle soup', 0, 'Soup.webp', 'Craftable', 1),
(329, 'Chicken noodle soup', 0, 'Soup.webp', 'Craftable', 2),
(330, 'Chicken noodle soup', 0, 'Soup.webp', 'Craftable', 3),
(331, 'Wolf Ribs', 0, 'WolfMeat.png', 'Craftable', 1),
(332, 'Wolf Ribs', 0, 'WolfMeat.png', 'Craftable', 2),
(333, 'Wolf Ribs', 0, 'WolfMeat.png', 'Craftable', 3),
(334, 'Grilled Radroach', 0, 'GrilledRadroach.webp', 'Craftable', 1),
(335, 'Grilled Radroach', 0, 'GrilledRadroach.webp', 'Craftable', 2),
(336, 'Grilled Radroach', 0, 'GrilledRadroach.webp', 'Craftable', 3),
(337, 'Chew Stick', 0, 'LureWeed.png', 'Craftable', 1),
(338, 'Chew Stick', 0, 'LureWeed.png', 'Craftable', 2),
(339, 'Chew Stick', 0, 'LureWeed.png', 'Craftable', 3),
(340, 'Sweet Tato Stew', 0, 'Stew.webp', 'Craftable', 1),
(341, 'Sweet Tato Stew', 0, 'Stew.webp', 'Craftable', 2),
(342, 'Sweet Tato Stew', 0, 'Stew.webp', 'Craftable', 3),
(343, 'Corn Pie', 0, 'CornPie.webp', 'Craftable', 1),
(344, 'Corn Pie', 0, 'CornPie.webp', 'Craftable', 2),
(345, 'Corn Pie', 0, 'CornPie.webp', 'Craftable', 3),
(346, 'Beer', 0, 'Beer.webp', 'Craftable', 1),
(347, 'Beer', 0, 'Beer.webp', 'Craftable', 2),
(348, 'Beer', 0, 'Beer.webp', 'Craftable', 3),
(349, 'Bourbon', 0, 'Bourbon.webp', 'Craftable', 1),
(350, 'Bourbon', 0, 'Bourbon.webp', 'Craftable', 2),
(351, 'Bourbon', 0, 'Bourbon.webp', 'Craftable', 3),
(352, 'Firecracker Whiskey', 0, 'FirecrackerWhiskey.webp', 'Craftable', 1),
(353, 'Firecracker Whiskey', 0, 'FirecrackerWhiskey.webp', 'Craftable', 2),
(354, 'Firecracker Whiskey', 0, 'FirecrackerWhiskey.webp', 'Craftable', 3),
(355, 'Lead Champagne', 0, 'LeadChampagne.webp', 'Craftable', 1),
(356, 'Lead Champagne', 0, 'LeadChampagne.webp', 'Craftable', 2),
(357, 'Lead Champagne', 0, 'LeadChampagne.webp', 'Craftable', 3),
(358, 'Whiskey', 0, 'Whiskey.webp', 'Craftable', 1),
(359, 'Whiskey', 0, 'Whiskey.webp', 'Craftable', 2),
(360, 'Whiskey', 0, 'Whiskey.webp', 'Craftable', 3);

-- --------------------------------------------------------

--
-- Table structure for table `location`
--

DROP TABLE IF EXISTS `location`;
CREATE TABLE IF NOT EXISTS `location` (
  `Location_id` int(255) NOT NULL AUTO_INCREMENT,
  `LocationName` varchar(50) NOT NULL,
  `LocationPicture` varchar(50) NOT NULL,
  PRIMARY KEY (`Location_id`)
) ENGINE=InnoDB AUTO_INCREMENT=4 DEFAULT CHARSET=latin1;

--
-- Dumping data for table `location`
--

INSERT INTO `location` (`Location_id`, `LocationName`, `LocationPicture`) VALUES
(1, 'Backpack', 'backpack.webp'),
(2, 'Base', 'base.webp'),
(3, 'Survival Tent', 'survivaltent.webp');

-- --------------------------------------------------------

--
-- Table structure for table `users`
--

DROP TABLE IF EXISTS `users`;
CREATE TABLE IF NOT EXISTS `users` (
  `User_id` int(100) NOT NULL AUTO_INCREMENT,
  `Username` varchar(50) NOT NULL,
  `Password` varchar(50) NOT NULL,
  `Email` varchar(50) NOT NULL,
  `Caps` int(10) NOT NULL DEFAULT '500',
  PRIMARY KEY (`User_id`)
) ENGINE=InnoDB AUTO_INCREMENT=44 DEFAULT CHARSET=latin1;

--
-- Dumping data for table `users`
--

INSERT INTO `users` (`User_id`, `Username`, `Password`, `Email`, `Caps`) VALUES
(4, 'madvrv', ',m', 'pieterven12@gmail.com', 1000);

--
-- Constraints for dumped tables
--

--
-- Constraints for table `inventory`
--
ALTER TABLE `inventory`
  ADD CONSTRAINT `inventory_ibfk_1` FOREIGN KEY (`Location_id`) REFERENCES `location` (`Location_id`);
COMMIT;

/*!40101 SET CHARACTER_SET_CLIENT=@OLD_CHARACTER_SET_CLIENT */;
/*!40101 SET CHARACTER_SET_RESULTS=@OLD_CHARACTER_SET_RESULTS */;
/*!40101 SET COLLATION_CONNECTION=@OLD_COLLATION_CONNECTION */;
